timestamp,elapsed_s,cpu_pct,ram_pct,n_cameras_active
2026-07-28 00:44:10,19,77.7,10.2,4
2026-07-28 00:44:15,24,83.4,10.3,4
2026-07-28 00:44:20,29,84.0,10.1,4
2026-07-28 00:44:25,34,83.5,10.2,4
2026-07-28 00:44:30,39,82.8,10.2,4
2026-07-28 00:44:35,44,83.8,10.3,4
2026-07-28 00:44:40,49,83.6,10.3,4
2026-07-28 00:44:45,54,83.6,10.1,4
2026-07-28 00:44:50,59,84.8,10.4,4
2026-07-28 00:44:55,64,84.5,10.2,4
2026-07-28 00:45:00,69,84.9,10.2,4
2026-07-28 00:45:05,74,84.1,10.3,4
2026-07-28 00:45:10,79,84.3,10.3,4
2026-07-28 00:45:15,84,84.9,10.3,4
2026-07-28 00:45:20,89,83.8,10.4,4
2026-07-28 00:45:25,94,84.3,10.2,4
2026-07-28 00:45:30,99,84.3,10.4,4
2026-07-28 00:45:35,104,84.5,10.3,4
2026-07-28 00:45:40,109,85.1,10.3,4
2026-07-28 00:45:45,114,84.5,10.4,4
2026-07-28 00:45:50,119,84.1,10.3,4
2026-07-28 00:45:55,124,83.6,10.3,4
2026-07-28 00:46:00,129,84.0,10.4,4
2026-07-28 00:46:05,134,83.0,10.2,4
2026-07-28 00:46:10,139,82.4,10.3,4
2026-07-28 00:46:15,144,82.4,10.3,4
2026-07-28 00:46:20,149,84.8,10.4,4
2026-07-28 00:46:25,154,85.0,10.4,4
2026-07-28 00:46:30,159,84.3,10.4,4
2026-07-28 00:46:35,164,84.6,10.4,4
2026-07-28 00:46:40,169,84.8,10.3,4
2026-07-28 00:46:45,174,84.5,10.3,4
2026-07-28 00:46:50,179,84.4,10.5,4
2026-07-28 00:46:55,184,83.7,10.2,4
2026-07-28 00:47:00,189,83.3,10.3,4
2026-07-28 00:47:05,194,84.4,10.3,4
2026-07-28 00:47:10,199,85.2,10.3,4
2026-07-28 00:47:15,204,85.5,10.5,4
2026-07-28 00:47:20,209,83.4,10.2,4
2026-07-28 00:47:25,214,83.6,10.3,4
2026-07-28 00:47:30,219,84.9,10.5,4
2026-07-28 00:47:35,224,85.5,10.3,4
2026-07-28 00:47:40,229,84.5,10.3,4
2026-07-28 00:47:45,234,83.2,10.3,4
2026-07-28 00:47:50,239,82.7,10.3,4
2026-07-28 00:47:55,244,83.2,10.5,4
2026-07-28 00:48:00,249,84.0,10.2,4
2026-07-28 00:48:05,254,85.0,10.3,4
2026-07-28 00:48:10,259,84.6,10.6,4
2026-07-28 00:48:15,264,83.4,10.2,4
2026-07-28 00:48:20,269,83.8,10.4,4
2026-07-28 00:48:25,274,82.4,10.2,4
2026-07-28 00:48:30,279,82.3,10.3,4
2026-07-28 00:48:35,284,82.5,10.3,4
2026-07-28 00:48:40,289,82.6,10.3,4
2026-07-28 00:48:45,294,83.0,10.5,4
2026-07-28 00:48:50,299,83.1,10.2,4
2026-07-28 00:48:55,304,83.9,10.4,4
2026-07-28 00:49:00,309,84.0,10.3,4
2026-07-28 00:49:05,314,83.6,10.2,4
2026-07-28 00:49:10,319,83.6,10.5,4
2026-07-28 00:49:15,324,83.8,10.2,4
2026-07-28 00:49:20,329,84.3,10.4,4
2026-07-28 00:49:25,334,83.8,10.4,4
2026-07-28 00:49:30,339,83.7,10.2,4
2026-07-28 00:49:35,344,83.6,10.6,4
2026-07-28 00:49:40,349,83.4,10.2,4
2026-07-28 00:49:45,354,84.3,10.3,4
2026-07-28 00:49:50,359,84.6,10.6,4
2026-07-28 00:49:55,364,84.3,10.3,4
2026-07-28 00:50:00,369,84.8,10.4,4
2026-07-28 00:50:05,374,84.3,10.4,4
2026-07-28 00:50:10,379,84.5,10.4,4
2026-07-28 00:50:15,384,84.2,10.4,4
2026-07-28 00:50:20,389,84.2,10.3,4
2026-07-28 00:50:25,394,85.3,10.4,4
2026-07-28 00:50:30,399,84.9,10.4,4
2026-07-28 00:50:35,404,84.0,10.3,4
2026-07-28 00:50:40,409,85.6,10.3,4
2026-07-28 00:50:46,414,85.1,10.4,4
2026-07-28 00:50:51,419,84.5,10.3,4
2026-07-28 00:50:56,424,86.5,10.3,4
2026-07-28 00:51:01,429,86.3,10.3,4
2026-07-28 00:51:06,434,84.5,10.4,4
2026-07-28 00:51:11,439,84.0,10.4,4
2026-07-28 00:51:16,444,84.2,10.4,4
2026-07-28 00:51:21,449,83.5,10.3,4
2026-07-28 00:51:26,454,84.1,10.3,4
2026-07-28 00:51:31,459,84.4,10.5,4
2026-07-28 00:51:36,464,84.1,10.3,4
2026-07-28 00:51:41,469,83.5,10.4,4
2026-07-28 00:51:46,474,83.3,10.3,4
2026-07-28 00:51:51,479,83.1,10.3,4
2026-07-28 00:51:56,484,84.4,10.6,4
2026-07-28 00:52:01,489,84.1,10.4,4
2026-07-28 00:52:06,494,81.8,10.5,4
2026-07-28 00:52:11,499,82.1,10.5,4
2026-07-28 00:52:16,504,81.8,10.5,4
2026-07-28 00:52:21,509,82.1,10.4,4
2026-07-28 00:52:26,514,81.8,10.5,4
2026-07-28 00:52:31,519,83.6,10.4,4
2026-07-28 00:52:36,524,84.2,10.4,4
2026-07-28 00:52:41,529,83.7,10.6,4
2026-07-28 00:52:46,534,84.2,10.5,4
2026-07-28 00:52:51,539,84.7,10.4,4
2026-07-28 00:52:56,544,82.9,10.4,4
2026-07-28 00:53:01,549,82.1,10.5,4
2026-07-28 00:53:06,554,82.9,10.5,4
2026-07-28 00:53:11,559,83.0,10.6,4
2026-07-28 00:53:16,564,83.2,10.5,4
2026-07-28 00:53:21,569,83.2,10.4,4
2026-07-28 00:53:26,574,82.3,10.6,4
2026-07-28 00:53:31,579,94.5,10.6,4
2026-07-28 00:53:36,584,95.5,10.6,4
2026-07-28 00:53:41,589,96.1,10.7,4
2026-07-28 00:53:46,594,96.2,10.6,4
2026-07-28 00:53:51,599,97.1,10.6,4
2026-07-28 00:53:56,604,96.5,10.6,4
2026-07-28 00:54:01,609,97.2,10.5,4
2026-07-28 00:54:06,614,97.7,10.7,4
2026-07-28 00:54:11,619,97.6,10.5,4
2026-07-28 00:54:16,624,97.2,10.6,4
2026-07-28 00:54:21,629,97.3,10.6,4
2026-07-28 00:54:26,634,97.5,10.5,4
2026-07-28 00:54:31,639,97.6,10.8,4
2026-07-28 00:54:36,644,97.4,10.6,4
2026-07-28 00:54:41,649,96.4,10.5,4
2026-07-28 00:54:46,654,96.9,10.7,4
2026-07-28 00:54:51,659,97.2,10.6,4
2026-07-28 00:54:56,664,97.0,10.7,4
2026-07-28 00:55:01,669,96.6,10.6,4
2026-07-28 00:55:06,674,97.4,10.7,4
2026-07-28 00:55:11,679,97.9,10.8,4
2026-07-28 00:55:16,684,97.7,10.6,4
2026-07-28 00:55:21,689,97.6,10.7,4
2026-07-28 00:55:26,694,97.6,10.7,4
2026-07-28 00:55:31,699,97.3,10.6,4
2026-07-28 00:55:36,704,97.2,10.7,4
2026-07-28 00:55:41,709,97.2,10.5,4
2026-07-28 00:55:46,714,97.4,10.6,4
2026-07-28 00:55:51,719,97.9,10.7,4
2026-07-28 00:55:56,724,89.9,10.4,4
2026-07-28 00:56:01,729,83.2,10.6,4
2026-07-28 00:56:06,734,82.7,10.5,4
2026-07-28 00:56:11,739,82.5,10.5,4
2026-07-28 00:56:16,744,82.6,10.4,4
2026-07-28 00:56:21,749,84.3,10.5,4
2026-07-28 00:56:26,754,83.1,10.5,4
2026-07-28 00:56:31,759,83.2,10.5,4
2026-07-28 00:56:36,764,83.3,10.6,4
2026-07-28 00:56:41,769,83.6,10.6,4
2026-07-28 00:56:46,774,82.3,10.4,4
2026-07-28 00:56:51,779,84.2,10.5,4
2026-07-28 00:56:56,784,84.7,10.5,4
2026-07-28 00:57:01,789,84.5,10.5,4
2026-07-28 00:57:06,794,84.9,10.5,4
2026-07-28 00:57:11,799,85.8,10.5,4
2026-07-28 00:57:16,804,84.8,10.5,4
2026-07-28 00:57:21,809,83.8,10.6,4
2026-07-28 00:57:26,814,84.0,10.5,4
2026-07-28 00:57:31,819,84.0,10.4,4
2026-07-28 00:57:36,824,85.1,10.7,4
2026-07-28 00:57:41,829,84.7,10.5,4
2026-07-28 00:57:46,834,83.8,10.6,4
2026-07-28 00:57:51,839,84.2,10.5,4
2026-07-28 00:57:56,844,84.3,10.5,4
2026-07-28 00:58:01,849,83.4,10.6,4
2026-07-28 00:58:06,854,84.9,10.5,4
2026-07-28 00:58:11,859,85.1,10.6,4
2026-07-28 00:58:16,864,83.5,10.5,4
2026-07-28 00:58:21,869,83.2,10.5,4
2026-07-28 00:58:26,875,83.0,10.4,4
2026-07-28 00:58:31,880,83.1,10.5,4
2026-07-28 00:58:36,885,84.9,10.6,4
2026-07-28 00:58:41,890,85.8,10.6,4
2026-07-28 00:58:46,895,84.9,10.5,4
2026-07-28 00:58:51,900,86.3,10.4,4
2026-07-28 00:58:56,905,85.4,10.6,4
2026-07-28 00:59:01,910,85.8,10.6,4
2026-07-28 00:59:06,915,86.9,10.4,4
2026-07-28 00:59:11,920,86.4,10.6,4
2026-07-28 00:59:16,925,85.8,10.5,4
2026-07-28 00:59:21,930,84.5,10.4,4
2026-07-28 00:59:26,935,84.9,10.6,4
2026-07-28 00:59:31,940,83.9,10.5,4
2026-07-28 00:59:36,945,84.5,10.5,4
2026-07-28 00:59:41,950,85.1,10.6,4
2026-07-28 00:59:46,955,85.0,10.3,4
2026-07-28 00:59:51,960,84.6,10.6,4
2026-07-28 00:59:56,965,84.4,10.5,4
2026-07-28 01:00:01,970,84.0,10.4,4
2026-07-28 01:00:06,975,84.3,10.7,4
2026-07-28 01:00:11,980,84.9,10.4,4
2026-07-28 01:00:16,985,83.9,10.6,4
2026-07-28 01:00:21,990,81.8,10.4,4
2026-07-28 01:00:26,995,82.4,10.5,4
2026-07-28 01:00:31,1000,82.8,10.6,4
2026-07-28 01:00:36,1005,81.5,10.4,4
2026-07-28 01:00:41,1010,83.9,10.8,4
2026-07-28 01:00:46,1015,85.0,10.4,4
2026-07-28 01:00:51,1020,86.1,10.5,4
2026-07-28 01:00:56,1025,84.9,10.6,4
2026-07-28 01:01:01,1030,84.6,10.4,4
2026-07-28 01:01:06,1035,84.9,10.7,4
2026-07-28 01:01:11,1040,84.1,10.5,4
2026-07-28 01:01:16,1045,84.0,10.5,4
2026-07-28 01:01:21,1050,84.0,10.6,4
2026-07-28 01:01:26,1055,84.7,10.4,4
2026-07-28 01:01:31,1060,84.6,10.6,4
2026-07-28 01:01:36,1065,89.5,10.8,4
2026-07-28 01:01:41,1070,95.1,10.6,4
2026-07-28 01:01:46,1075,96.6,10.6,4
2026-07-28 01:01:51,1080,96.9,10.8,4
2026-07-28 01:01:56,1085,96.7,10.5,4
2026-07-28 01:02:01,1090,97.2,10.7,4
2026-07-28 01:02:06,1095,97.4,10.6,4
2026-07-28 01:02:11,1100,97.0,10.8,4
2026-07-28 01:02:16,1105,97.3,10.7,4
2026-07-28 01:02:21,1110,97.3,10.7,4
2026-07-28 01:02:26,1115,97.5,10.7,4
2026-07-28 01:02:31,1120,97.1,10.7,4
2026-07-28 01:02:36,1125,97.0,10.6,4
2026-07-28 01:02:41,1130,97.3,10.8,4
2026-07-28 01:02:46,1135,97.5,10.7,4
2026-07-28 01:02:51,1140,97.7,10.7,4
2026-07-28 01:02:56,1145,97.2,10.6,4
2026-07-28 01:03:01,1150,97.1,10.7,4
2026-07-28 01:03:06,1155,97.2,10.7,4
2026-07-28 01:03:11,1160,97.1,10.6,4
2026-07-28 01:03:16,1165,97.4,10.8,4
2026-07-28 01:03:21,1170,94.1,10.5,4
2026-07-28 01:03:26,1175,86.2,10.7,4
2026-07-28 01:03:31,1180,86.4,10.5,4
2026-07-28 01:03:36,1185,86.4,10.6,4
2026-07-28 01:03:41,1190,85.9,10.7,4
2026-07-28 01:03:46,1195,85.4,10.5,4
2026-07-28 01:03:51,1200,85.5,10.7,4
2026-07-28 01:03:56,1205,85.6,10.6,4
2026-07-28 01:04:01,1210,85.7,10.4,4
2026-07-28 01:04:06,1215,84.8,10.8,4
2026-07-28 01:04:11,1220,85.1,10.4,4
2026-07-28 01:04:16,1225,84.7,10.5,4
2026-07-28 01:04:21,1230,84.7,10.5,4
2026-07-28 01:04:26,1235,83.9,10.5,4
2026-07-28 01:04:31,1240,84.3,10.7,4
2026-07-28 01:04:36,1245,83.6,10.5,4
2026-07-28 01:04:41,1250,83.3,10.6,4
2026-07-28 01:04:46,1255,81.7,10.6,4
2026-07-28 01:04:51,1260,82.5,10.6,4
2026-07-28 01:04:56,1265,82.3,10.7,4
2026-07-28 01:05:01,1270,82.8,10.6,4
2026-07-28 01:05:06,1275,83.3,10.6,4
2026-07-28 01:05:11,1280,83.1,10.4,4
2026-07-28 01:05:16,1285,83.2,10.6,4
2026-07-28 01:05:21,1290,83.5,10.6,4
2026-07-28 01:05:26,1295,83.9,10.6,4
2026-07-28 01:05:31,1300,82.6,10.6,4
2026-07-28 01:05:36,1305,82.9,10.5,4
2026-07-28 01:05:41,1310,83.6,10.5,4
2026-07-28 01:05:46,1315,84.4,10.7,4
2026-07-28 01:05:52,1320,84.5,10.7,4
2026-07-28 01:05:57,1325,95.2,10.7,4
2026-07-28 01:06:02,1330,95.4,10.6,4
2026-07-28 01:06:07,1335,96.5,10.9,4
2026-07-28 01:06:12,1340,96.8,10.7,4
2026-07-28 01:06:17,1345,96.9,10.6,4
2026-07-28 01:06:22,1350,97.6,10.9,4
2026-07-28 01:06:27,1355,97.6,10.6,4
2026-07-28 01:06:32,1360,97.3,10.7,4
2026-07-28 01:06:37,1365,97.4,10.7,4
2026-07-28 01:06:42,1370,97.6,10.7,4
2026-07-28 01:06:47,1375,97.5,10.8,4
2026-07-28 01:06:52,1380,96.9,10.7,4
2026-07-28 01:06:57,1385,97.6,10.8,4
2026-07-28 01:07:02,1390,91.4,10.7,4
2026-07-28 01:07:07,1395,85.2,10.7,4
2026-07-28 01:07:12,1400,85.6,10.5,4
2026-07-28 01:07:17,1405,86.7,10.7,4
2026-07-28 01:07:22,1410,86.6,10.5,4
2026-07-28 01:07:27,1415,84.7,10.5,4
2026-07-28 01:07:32,1420,85.9,10.7,4
2026-07-28 01:07:37,1425,86.1,10.4,4
2026-07-28 01:07:42,1430,84.1,10.7,4
2026-07-28 01:07:47,1435,85.5,10.7,4
2026-07-28 01:07:52,1440,84.1,10.6,4
2026-07-28 01:07:57,1445,84.0,10.6,4
2026-07-28 01:08:02,1450,83.3,10.5,4
2026-07-28 01:08:07,1455,84.6,10.7,4
2026-07-28 01:08:12,1460,84.2,10.6,4
2026-07-28 01:08:17,1465,82.6,10.5,4
2026-07-28 01:08:22,1470,83.3,10.6,4
2026-07-28 01:08:27,1475,82.7,10.6,4
2026-07-28 01:08:32,1480,82.8,10.6,4
2026-07-28 01:08:37,1485,82.5,10.6,4
2026-07-28 01:08:42,1490,81.7,10.5,4
2026-07-28 01:08:47,1495,81.2,10.7,4
2026-07-28 01:08:52,1500,81.3,10.6,4
2026-07-28 01:08:57,1505,82.5,10.7,4
2026-07-28 01:09:02,1510,81.0,10.6,4
2026-07-28 01:09:07,1515,83.4,10.7,4
2026-07-28 01:09:12,1520,83.9,10.5,4
2026-07-28 01:09:17,1525,83.8,10.5,4
2026-07-28 01:09:22,1530,83.7,10.7,4
2026-07-28 01:09:27,1535,83.3,10.5,4
2026-07-28 01:09:32,1540,82.9,10.6,4
2026-07-28 01:09:37,1545,82.7,10.5,4
2026-07-28 01:09:42,1550,83.3,10.6,4
2026-07-28 01:09:47,1555,82.7,10.8,4
2026-07-28 01:09:52,1560,85.8,10.7,4
2026-07-28 01:09:57,1565,94.6,10.7,4
2026-07-28 01:10:02,1570,96.0,10.7,4
2026-07-28 01:10:07,1575,96.7,10.7,4
2026-07-28 01:10:12,1580,96.7,10.7,4
2026-07-28 01:10:17,1585,97.5,10.6,4
2026-07-28 01:10:22,1590,97.5,10.8,4
2026-07-28 01:10:27,1595,97.2,10.6,4
2026-07-28 01:10:32,1600,97.5,10.9,4
2026-07-28 01:10:37,1605,97.6,10.6,4
2026-07-28 01:10:42,1610,97.6,10.9,4
2026-07-28 01:10:47,1615,92.3,10.7,4
2026-07-28 01:10:52,1620,83.2,10.7,4
2026-07-28 01:10:57,1625,82.3,10.6,4
2026-07-28 01:11:02,1630,81.6,10.5,4
2026-07-28 01:11:07,1635,83.0,10.6,4
2026-07-28 01:11:12,1640,83.5,10.7,4
2026-07-28 01:11:17,1645,83.8,10.5,4
2026-07-28 01:11:22,1650,84.4,10.8,4
2026-07-28 01:11:27,1655,82.8,10.5,4
2026-07-28 01:11:32,1660,82.5,10.7,4
2026-07-28 01:11:37,1665,82.9,10.6,4
2026-07-28 01:11:42,1670,83.8,10.5,4
2026-07-28 01:11:47,1675,83.6,10.7,4
2026-07-28 01:11:52,1680,84.1,10.5,4
2026-07-28 01:11:57,1685,83.3,10.7,4
2026-07-28 01:12:02,1690,82.8,10.6,4
2026-07-28 01:12:07,1695,83.6,10.6,4
2026-07-28 01:12:12,1700,83.4,10.7,4
2026-07-28 01:12:17,1705,83.4,10.5,4
2026-07-28 01:12:22,1710,85.1,10.6,4
2026-07-28 01:12:27,1715,85.6,10.7,4
2026-07-28 01:12:32,1720,84.5,10.5,4
2026-07-28 01:12:37,1725,83.8,10.7,4
2026-07-28 01:12:42,1730,83.9,10.6,4
2026-07-28 01:12:47,1735,83.5,10.5,4
2026-07-28 01:12:52,1740,82.2,10.7,4
2026-07-28 01:12:57,1745,84.4,10.5,4
2026-07-28 01:13:02,1750,83.9,10.8,4
2026-07-28 01:13:07,1755,83.0,10.4,4
2026-07-28 01:13:12,1760,84.2,10.6,4
2026-07-28 01:13:17,1765,83.5,10.7,4
2026-07-28 01:13:22,1770,84.8,10.5,4
2026-07-28 01:13:27,1775,84.6,10.6,4
2026-07-28 01:13:32,1780,84.6,10.6,4
2026-07-28 01:13:37,1785,83.6,10.6,4
2026-07-28 01:13:42,1790,83.6,10.6,4
2026-07-28 01:13:47,1795,83.0,10.7,4
2026-07-28 01:13:52,1800,83.0,10.5,4
2026-07-28 01:13:57,1806,83.5,10.6,4
2026-07-28 01:14:02,1811,84.0,10.6,4
2026-07-28 01:14:07,1816,86.1,10.6,4
2026-07-28 01:14:12,1821,85.3,10.6,4
2026-07-28 01:14:17,1826,86.0,10.6,4
2026-07-28 01:14:22,1831,85.6,10.8,4
2026-07-28 01:14:27,1836,84.7,10.5,4
2026-07-28 01:14:32,1841,85.5,10.6,4
2026-07-28 01:14:37,1846,85.1,10.7,4
2026-07-28 01:14:42,1851,85.0,10.5,4
2026-07-28 01:14:47,1856,84.5,10.6,4
2026-07-28 01:14:52,1861,83.6,10.6,4
2026-07-28 01:14:57,1866,84.0,10.6,4
2026-07-28 01:15:02,1871,83.6,10.6,4
2026-07-28 01:15:07,1876,85.0,10.6,4
2026-07-28 01:15:12,1881,84.4,10.5,4
2026-07-28 01:15:17,1886,84.5,10.6,4
2026-07-28 01:15:22,1891,85.2,10.7,4
2026-07-28 01:15:27,1896,85.1,10.6,4
2026-07-28 01:15:32,1901,85.9,10.6,4
2026-07-28 01:15:37,1906,85.6,10.6,4
2026-07-28 01:15:42,1911,86.3,10.6,4
2026-07-28 01:15:47,1916,86.4,10.5,4
2026-07-28 01:15:52,1921,86.4,10.6,4
2026-07-28 01:15:57,1926,86.4,10.6,4
2026-07-28 01:16:02,1931,85.9,10.7,4
2026-07-28 01:16:07,1936,84.7,10.6,4
2026-07-28 01:16:12,1941,84.6,10.7,4
2026-07-28 01:16:17,1946,86.4,10.6,4
2026-07-28 01:16:22,1951,86.0,10.5,4
2026-07-28 01:16:27,1956,85.2,10.7,4
2026-07-28 01:16:32,1961,84.3,10.6,4
2026-07-28 01:16:37,1966,84.5,10.6,4
2026-07-28 01:16:42,1971,84.0,10.7,4
2026-07-28 01:16:47,1976,84.2,10.5,4
2026-07-28 01:16:52,1981,83.0,10.6,4
2026-07-28 01:16:57,1986,82.8,10.6,4
2026-07-28 01:17:02,1991,82.9,10.5,4
2026-07-28 01:17:07,1996,83.6,10.7,4
2026-07-28 01:17:12,2001,83.8,10.5,4
2026-07-28 01:17:17,2006,84.4,10.5,4
2026-07-28 01:17:22,2011,83.0,10.6,4
2026-07-28 01:17:27,2016,83.6,10.6,4
2026-07-28 01:17:32,2021,84.3,10.7,4
2026-07-28 01:17:37,2026,83.6,10.5,4
2026-07-28 01:17:42,2031,84.0,10.7,4
2026-07-28 01:17:47,2036,83.4,10.5,4
2026-07-28 01:17:52,2041,82.7,10.7,4
2026-07-28 01:17:57,2046,81.2,10.6,4
2026-07-28 01:18:02,2051,81.7,10.6,4
2026-07-28 01:18:07,2056,82.3,10.7,4
2026-07-28 01:18:12,2061,84.0,10.5,4
2026-07-28 01:18:17,2066,84.5,10.7,4
2026-07-28 01:18:22,2071,85.5,10.6,4
2026-07-28 01:18:27,2076,85.5,10.6,4
2026-07-28 01:18:32,2081,84.9,10.6,4
2026-07-28 01:18:37,2086,84.5,10.7,4
2026-07-28 01:18:42,2091,85.5,10.6,4
2026-07-28 01:18:47,2096,85.9,10.6,4
2026-07-28 01:18:52,2101,86.2,10.7,4
2026-07-28 01:18:57,2106,84.2,10.6,4
2026-07-28 01:19:02,2111,83.9,10.6,4
2026-07-28 01:19:07,2116,83.8,10.6,4
2026-07-28 01:19:12,2121,83.4,10.6,4
2026-07-28 01:19:17,2126,84.9,10.7,4
2026-07-28 01:19:22,2131,84.9,10.6,4
2026-07-28 01:19:27,2136,86.2,10.6,4
2026-07-28 01:19:32,2141,85.6,10.7,4
2026-07-28 01:19:37,2146,86.3,10.6,4
2026-07-28 01:19:42,2151,85.1,10.6,4
2026-07-28 01:19:47,2156,83.7,10.6,4
2026-07-28 01:19:52,2161,84.8,10.7,4
2026-07-28 01:19:57,2166,83.5,10.7,4
2026-07-28 01:20:02,2171,84.0,10.6,4
2026-07-28 01:20:07,2176,85.8,10.7,4
2026-07-28 01:20:12,2181,84.4,10.7,4
2026-07-28 01:20:17,2186,83.3,10.6,4
2026-07-28 01:20:22,2191,82.3,10.6,4
2026-07-28 01:20:27,2196,83.4,10.6,4
2026-07-28 01:20:32,2201,82.6,10.5,4
2026-07-28 01:20:37,2206,83.7,10.7,4
2026-07-28 01:20:42,2211,83.1,10.6,4
2026-07-28 01:20:47,2216,83.4,10.6,4
2026-07-28 01:20:52,2221,83.4,10.8,4
2026-07-28 01:20:57,2226,92.7,10.7,4
2026-07-28 01:21:02,2231,95.2,10.8,4
2026-07-28 01:21:07,2236,96.5,10.9,4
2026-07-28 01:21:12,2241,96.6,10.7,4
2026-07-28 01:21:18,2246,96.7,10.7,4
2026-07-28 01:21:23,2251,97.5,10.9,4
2026-07-28 01:21:28,2256,97.2,10.7,4
2026-07-28 01:21:33,2261,97.3,10.8,4
2026-07-28 01:21:38,2266,97.0,10.7,4
2026-07-28 01:21:43,2271,97.3,10.8,4
2026-07-28 01:21:48,2276,97.5,10.8,4
2026-07-28 01:21:53,2281,96.9,10.9,4
2026-07-28 01:21:58,2286,97.4,10.8,4
2026-07-28 01:22:03,2291,97.8,10.9,4
2026-07-28 01:22:08,2296,97.4,10.7,4
2026-07-28 01:22:13,2301,97.8,10.9,4
2026-07-28 01:22:18,2306,97.4,10.7,4
2026-07-28 01:22:23,2311,97.6,10.9,4
2026-07-28 01:22:28,2316,97.3,10.7,4
2026-07-28 01:22:33,2321,97.4,10.8,4
2026-07-28 01:22:38,2326,96.9,10.7,4
2026-07-28 01:22:43,2331,89.8,10.6,4
2026-07-28 01:22:48,2336,82.8,10.8,4
2026-07-28 01:22:53,2341,81.5,10.6,4
2026-07-28 01:22:58,2346,83.6,10.8,4
2026-07-28 01:23:03,2351,83.2,10.5,4
2026-07-28 01:23:08,2356,82.9,10.7,4
2026-07-28 01:23:13,2361,81.3,10.5,4
2026-07-28 01:23:18,2366,82.1,10.7,4
2026-07-28 01:23:23,2371,81.7,10.6,4
2026-07-28 01:23:28,2376,82.2,10.6,4
2026-07-28 01:23:33,2381,82.0,10.7,4
2026-07-28 01:23:38,2386,82.5,10.6,4
2026-07-28 01:23:43,2391,83.3,10.7,4
2026-07-28 01:23:48,2396,80.9,10.6,4
2026-07-28 01:23:53,2401,83.6,10.7,4
2026-07-28 01:23:58,2406,84.8,10.7,4
2026-07-28 01:24:03,2411,83.6,10.7,4
2026-07-28 01:24:08,2416,83.9,10.6,4
2026-07-28 01:24:13,2421,84.0,10.6,4
2026-07-28 01:24:18,2426,84.2,10.6,4
2026-07-28 01:24:23,2431,83.2,10.7,4
2026-07-28 01:24:28,2436,83.8,10.7,4
2026-07-28 01:24:33,2441,84.0,10.7,4
2026-07-28 01:24:38,2446,84.8,10.7,4
2026-07-28 01:24:43,2451,84.5,10.6,4
2026-07-28 01:24:48,2456,83.8,10.7,4
2026-07-28 01:24:53,2461,83.7,10.6,4
2026-07-28 01:24:58,2466,83.0,10.7,4
2026-07-28 01:25:03,2471,83.0,10.7,4
2026-07-28 01:25:08,2476,84.8,10.6,4
2026-07-28 01:25:13,2481,85.8,10.7,4
2026-07-28 01:25:18,2486,86.6,10.7,4
2026-07-28 01:25:23,2491,85.6,10.7,4
2026-07-28 01:25:28,2496,85.6,10.6,4
2026-07-28 01:25:33,2501,85.2,10.7,4
2026-07-28 01:25:38,2506,84.1,10.6,4
2026-07-28 01:25:43,2511,85.3,10.6,4
2026-07-28 01:25:48,2516,86.3,10.8,4
2026-07-28 01:25:53,2521,85.3,10.6,4
2026-07-28 01:25:58,2526,85.4,10.7,4
2026-07-28 01:26:03,2531,83.6,10.7,4
2026-07-28 01:26:08,2536,82.7,10.6,4
2026-07-28 01:26:13,2541,84.1,10.7,4
2026-07-28 01:26:18,2546,85.3,10.5,4
2026-07-28 01:26:23,2551,85.2,10.6,4
2026-07-28 01:26:28,2556,84.1,10.7,4
2026-07-28 01:26:33,2561,83.4,10.7,4
2026-07-28 01:26:38,2566,82.9,10.6,4
2026-07-28 01:26:43,2571,82.6,10.7,4
2026-07-28 01:26:48,2576,83.6,10.6,4
2026-07-28 01:26:53,2581,83.8,10.7,4
2026-07-28 01:26:58,2586,83.4,10.6,4
2026-07-28 01:27:03,2591,84.0,10.7,4
2026-07-28 01:27:08,2596,84.6,10.7,4
2026-07-28 01:27:13,2601,83.5,10.6,4
2026-07-28 01:27:18,2606,84.3,10.7,4
2026-07-28 01:27:23,2611,84.4,10.6,4
2026-07-28 01:27:28,2616,84.7,10.6,4
2026-07-28 01:27:33,2621,85.1,10.7,4
2026-07-28 01:27:38,2626,83.4,10.6,4
2026-07-28 01:27:43,2631,84.2,10.7,4
2026-07-28 01:27:48,2636,83.4,10.7,4
2026-07-28 01:27:53,2641,82.7,10.7,4
2026-07-28 01:27:58,2646,83.6,10.6,4
2026-07-28 01:28:03,2651,84.3,10.7,4
2026-07-28 01:28:08,2656,85.3,10.6,4
2026-07-28 01:28:13,2661,84.6,10.7,4
2026-07-28 01:28:18,2666,84.4,10.7,4
2026-07-28 01:28:23,2671,85.4,10.6,4
2026-07-28 01:28:28,2676,85.0,10.7,4
2026-07-28 01:28:33,2681,84.2,10.6,4
2026-07-28 01:28:38,2686,84.9,10.5,4
2026-07-28 01:28:43,2691,84.4,10.8,4
2026-07-28 01:28:48,2696,84.3,10.6,4
2026-07-28 01:28:53,2701,82.7,10.7,4
2026-07-28 01:28:58,2706,83.0,10.7,4
2026-07-28 01:29:03,2711,84.7,10.6,4
2026-07-28 01:29:08,2716,85.7,10.7,4
2026-07-28 01:29:13,2721,85.6,10.5,4
2026-07-28 01:29:18,2726,85.4,10.7,4
2026-07-28 01:29:23,2732,85.7,10.7,4
2026-07-28 01:29:28,2737,83.4,10.6,4
2026-07-28 01:29:33,2742,83.5,10.6,4
2026-07-28 01:29:38,2747,84.9,10.7,4
2026-07-28 01:29:43,2752,82.5,10.7,4
2026-07-28 01:29:48,2757,82.4,10.7,4
2026-07-28 01:29:53,2762,82.1,10.7,4
2026-07-28 01:29:58,2767,83.3,10.7,4
2026-07-28 01:30:03,2772,83.2,10.7,4
2026-07-28 01:30:08,2777,84.3,10.6,4
2026-07-28 01:30:13,2782,84.4,10.6,4
2026-07-28 01:30:18,2787,82.1,10.6,4
2026-07-28 01:30:23,2792,83.6,10.6,4
2026-07-28 01:30:28,2797,83.3,10.8,4
2026-07-28 01:30:33,2802,83.4,10.6,4
2026-07-28 01:30:38,2807,83.9,10.8,4
2026-07-28 01:30:43,2812,86.0,10.8,4
2026-07-28 01:30:48,2817,94.9,10.9,4
2026-07-28 01:30:53,2822,95.7,10.8,4
2026-07-28 01:30:58,2827,96.5,10.9,4
2026-07-28 01:31:03,2832,97.0,10.8,4
2026-07-28 01:31:08,2837,97.1,10.7,4
2026-07-28 01:31:13,2842,97.5,10.8,4
2026-07-28 01:31:18,2847,97.4,10.8,4
2026-07-28 01:31:23,2852,97.5,10.8,4
2026-07-28 01:31:28,2857,97.7,10.8,4
2026-07-28 01:31:33,2862,97.8,10.8,4
2026-07-28 01:31:38,2867,97.6,10.9,4
2026-07-28 01:31:43,2872,97.4,10.8,4
2026-07-28 01:31:48,2877,97.5,10.8,4
2026-07-28 01:31:53,2882,86.7,10.7,4
2026-07-28 01:31:58,2887,84.1,10.6,4
2026-07-28 01:32:03,2892,84.1,10.6,4
2026-07-28 01:32:08,2897,84.4,10.7,4
2026-07-28 01:32:13,2902,85.4,10.6,4
2026-07-28 01:32:18,2907,83.3,10.7,4
2026-07-28 01:32:23,2912,83.3,10.6,4
2026-07-28 01:32:28,2917,84.9,10.6,4
2026-07-28 01:32:33,2922,85.2,10.7,4
2026-07-28 01:32:38,2927,85.4,10.6,4
2026-07-28 01:32:43,2932,85.1,10.6,4
2026-07-28 01:32:48,2937,83.7,10.8,4
2026-07-28 01:32:53,2942,83.8,10.6,4
2026-07-28 01:32:58,2947,82.3,10.7,4
2026-07-28 01:33:03,2952,82.4,10.5,4
2026-07-28 01:33:08,2957,83.6,10.6,4
2026-07-28 01:33:13,2962,84.8,10.7,4
2026-07-28 01:33:18,2967,84.9,10.6,4
2026-07-28 01:33:23,2972,85.1,10.7,4
2026-07-28 01:33:28,2977,84.8,10.7,4
2026-07-28 01:33:33,2982,84.0,10.6,4
2026-07-28 01:33:38,2987,84.3,10.6,4
2026-07-28 01:33:43,2992,85.8,10.7,4
2026-07-28 01:33:48,2997,85.9,10.7,4
2026-07-28 01:33:53,3002,84.7,10.6,4
2026-07-28 01:33:58,3007,85.2,10.7,4
2026-07-28 01:34:03,3012,84.3,10.5,4
2026-07-28 01:34:08,3017,84.9,10.7,4
2026-07-28 01:34:13,3022,85.7,10.6,4
2026-07-28 01:34:18,3027,85.7,10.6,4
2026-07-28 01:34:23,3032,84.5,10.7,4
2026-07-28 01:34:28,3037,84.5,10.5,4
2026-07-28 01:34:33,3042,85.1,10.7,4
2026-07-28 01:34:38,3047,84.2,10.7,4
2026-07-28 01:34:43,3052,83.7,10.7,4
2026-07-28 01:34:48,3057,83.8,10.6,4
2026-07-28 01:34:53,3062,83.9,10.7,4
2026-07-28 01:34:58,3067,83.1,10.6,4
2026-07-28 01:35:03,3072,83.9,10.6,4
2026-07-28 01:35:08,3077,84.3,10.7,4
2026-07-28 01:35:13,3082,83.4,10.5,4
2026-07-28 01:35:18,3087,84.2,10.8,4
2026-07-28 01:35:23,3092,83.8,10.6,4
2026-07-28 01:35:28,3097,84.9,10.7,4
2026-07-28 01:35:33,3102,84.5,10.7,4
2026-07-28 01:35:38,3107,83.6,10.6,4
2026-07-28 01:35:43,3112,83.7,10.8,4
2026-07-28 01:35:48,3117,84.0,10.6,4
2026-07-28 01:35:53,3122,84.0,10.6,4
2026-07-28 01:35:58,3127,83.3,10.7,4
2026-07-28 01:36:03,3132,85.5,10.7,4
2026-07-28 01:36:08,3137,95.2,10.9,4
2026-07-28 01:36:13,3142,95.4,10.7,4
2026-07-28 01:36:18,3147,96.7,10.7,4
2026-07-28 01:36:23,3152,96.6,10.9,4
2026-07-28 01:36:28,3157,97.5,10.7,4
2026-07-28 01:36:34,3162,97.4,10.8,4
2026-07-28 01:36:39,3167,97.2,10.8,4
2026-07-28 01:36:44,3172,97.6,10.8,4
2026-07-28 01:36:49,3177,97.8,10.8,4
2026-07-28 01:36:54,3182,97.8,10.8,4
2026-07-28 01:36:59,3187,95.9,10.6,4
2026-07-28 01:37:04,3192,83.4,10.7,4
2026-07-28 01:37:09,3197,83.1,10.6,4
2026-07-28 01:37:14,3202,84.0,10.7,4
2026-07-28 01:37:19,3207,85.0,10.8,4
2026-07-28 01:37:24,3212,85.0,10.6,4
2026-07-28 01:37:29,3217,83.6,10.7,4
2026-07-28 01:37:34,3222,83.4,10.6,4
2026-07-28 01:37:39,3227,84.9,10.6,4
2026-07-28 01:37:44,3232,85.1,10.7,4
2026-07-28 01:37:49,3237,85.4,10.7,4
2026-07-28 01:37:54,3242,84.8,10.6,4
2026-07-28 01:37:59,3247,83.7,10.7,4
2026-07-28 01:38:04,3252,83.7,10.6,4
2026-07-28 01:38:09,3257,83.7,10.7,4
2026-07-28 01:38:14,3262,84.0,10.6,4
2026-07-28 01:38:19,3267,84.6,10.6,4
2026-07-28 01:38:24,3272,84.1,10.8,4
2026-07-28 01:38:29,3277,83.2,10.6,4
2026-07-28 01:38:34,3282,82.8,10.7,4
2026-07-28 01:38:39,3287,83.2,10.5,4
2026-07-28 01:38:44,3292,82.9,10.7,4
2026-07-28 01:38:49,3297,82.9,10.7,4
2026-07-28 01:38:54,3302,81.9,10.7,4
2026-07-28 01:38:59,3307,83.5,10.6,4
2026-07-28 01:39:04,3312,81.8,10.7,4
2026-07-28 01:39:09,3317,81.5,10.5,4
2026-07-28 01:39:14,3322,83.3,10.8,4
2026-07-28 01:39:19,3327,82.1,10.6,4
2026-07-28 01:39:24,3332,82.3,10.8,4
2026-07-28 01:39:29,3337,83.7,10.6,4
2026-07-28 01:39:34,3342,84.0,10.6,4
2026-07-28 01:39:39,3347,84.4,10.6,4
2026-07-28 01:39:44,3352,82.0,10.6,4
2026-07-28 01:39:49,3357,83.0,10.6,4
2026-07-28 01:39:54,3362,82.7,10.6,4
2026-07-28 01:39:59,3367,83.0,10.8,4
2026-07-28 01:40:04,3372,82.8,10.7,4
2026-07-28 01:40:09,3377,91.5,10.8,4
2026-07-28 01:40:14,3382,95.1,10.7,4
2026-07-28 01:40:19,3387,96.5,10.8,4
2026-07-28 01:40:24,3392,96.3,10.9,4
2026-07-28 01:40:29,3397,96.8,10.7,4
2026-07-28 01:40:34,3402,97.6,10.9,4
2026-07-28 01:40:39,3407,97.3,10.7,4
2026-07-28 01:40:44,3412,97.5,10.8,4
2026-07-28 01:40:49,3417,97.5,10.8,4
2026-07-28 01:40:54,3422,97.7,10.8,4
2026-07-28 01:40:59,3427,97.8,10.8,4
2026-07-28 01:41:04,3432,97.1,10.8,4
2026-07-28 01:41:09,3437,97.2,10.8,4
2026-07-28 01:41:14,3442,97.5,10.8,4
2026-07-28 01:41:19,3447,97.6,10.9,4
2026-07-28 01:41:24,3452,97.7,10.8,4
2026-07-28 01:41:29,3457,97.1,10.8,4
2026-07-28 01:41:34,3462,97.0,10.9,4
2026-07-28 01:41:39,3467,97.4,10.8,4
2026-07-28 01:41:44,3472,97.2,10.8,4
2026-07-28 01:41:49,3477,96.9,10.8,4
2026-07-28 01:41:54,3482,89.0,10.7,4
2026-07-28 01:41:59,3487,84.6,10.7,4
2026-07-28 01:42:04,3492,83.7,10.7,4
2026-07-28 01:42:09,3497,84.8,10.6,4
2026-07-28 01:42:14,3502,83.5,10.8,4
2026-07-28 01:42:19,3507,83.4,10.6,4
2026-07-28 01:42:24,3512,82.9,10.6,4
2026-07-28 01:42:29,3517,83.6,10.5,4
2026-07-28 01:42:34,3522,82.3,10.6,4
2026-07-28 01:42:39,3527,83.0,10.6,4
2026-07-28 01:42:44,3532,83.9,10.6,4
2026-07-28 01:42:49,3537,84.2,10.6,4
2026-07-28 01:42:54,3542,84.5,10.7,4
2026-07-28 01:42:59,3547,83.7,10.7,4
2026-07-28 01:43:04,3552,84.4,10.6,4
2026-07-28 01:43:09,3557,84.9,10.7,4
2026-07-28 01:43:14,3562,83.9,10.6,4
2026-07-28 01:43:19,3567,84.1,10.7,4
2026-07-28 01:43:24,3572,83.9,10.7,4
2026-07-28 01:43:29,3577,83.5,10.6,4
2026-07-28 01:43:34,3582,82.7,10.7,4
2026-07-28 01:43:39,3587,83.0,10.6,4
2026-07-28 01:43:44,3592,82.6,10.8,4
2026-07-28 01:43:49,3597,84.3,10.5,4
2026-07-28 01:43:54,3602,84.1,10.7,4
2026-07-28 01:43:59,3607,82.9,10.6,4
2026-07-28 01:44:04,3612,82.3,10.7,4
2026-07-28 01:44:09,3617,82.4,10.6,4
2026-07-28 01:44:14,3622,83.6,10.7,4
2026-07-28 01:44:19,3627,83.1,10.8,4
2026-07-28 01:44:24,3632,84.5,10.6,4
2026-07-28 01:44:29,3637,85.0,10.7,4
2026-07-28 01:44:34,3642,83.0,10.6,4
2026-07-28 01:44:39,3648,82.0,10.8,4
2026-07-28 01:44:44,3653,83.1,10.7,4
2026-07-28 01:44:49,3658,83.8,10.7,4
2026-07-28 01:44:54,3663,85.2,10.6,4
2026-07-28 01:44:59,3668,86.0,10.7,4
2026-07-28 01:45:04,3673,85.2,10.8,4
2026-07-28 01:45:09,3678,87.0,10.5,4
2026-07-28 01:45:14,3683,84.4,10.8,4
2026-07-28 01:45:19,3688,84.4,10.6,4
2026-07-28 01:45:24,3693,87.4,10.6,4
2026-07-28 01:45:29,3698,86.5,10.8,4
2026-07-28 01:45:34,3703,84.3,10.5,4
2026-07-28 01:45:39,3708,83.9,10.7,4
2026-07-28 01:45:44,3713,83.6,10.9,4
2026-07-28 01:45:49,3718,83.2,10.6,4
2026-07-28 01:45:54,3723,83.4,10.8,4
2026-07-28 01:45:59,3728,84.8,10.6,4
2026-07-28 01:46:04,3733,85.2,10.6,4
2026-07-28 01:46:09,3738,83.2,10.6,4
2026-07-28 01:46:14,3743,83.9,10.6,4
2026-07-28 01:46:19,3748,84.3,10.6,4
2026-07-28 01:46:24,3753,83.3,10.8,4
2026-07-28 01:46:29,3758,83.6,10.7,4
2026-07-28 01:46:34,3763,83.1,10.7,4
2026-07-28 01:46:39,3768,83.5,10.7,4
2026-07-28 01:46:44,3773,83.5,10.6,4
2026-07-28 01:46:49,3778,83.7,10.8,4
2026-07-28 01:46:54,3783,83.5,10.6,4
2026-07-28 01:46:59,3788,84.8,10.7,4
2026-07-28 01:47:04,3793,85.5,10.7,4
2026-07-28 01:47:09,3798,85.2,10.6,4
2026-07-28 01:47:14,3803,85.1,10.7,4
2026-07-28 01:47:19,3808,84.2,10.6,4
2026-07-28 01:47:24,3813,84.6,10.6,4
2026-07-28 01:47:29,3818,84.6,10.8,4
2026-07-28 01:47:34,3823,85.3,10.6,4
2026-07-28 01:47:39,3828,85.5,10.6,4
2026-07-28 01:47:44,3833,85.3,10.7,4
2026-07-28 01:47:49,3838,86.4,10.6,4
2026-07-28 01:47:54,3843,85.2,10.7,4
2026-07-28 01:47:59,3848,84.4,10.6,4
2026-07-28 01:48:04,3853,84.0,10.7,4
2026-07-28 01:48:09,3858,84.4,10.8,4
2026-07-28 01:48:14,3863,85.9,10.6,4
2026-07-28 01:48:19,3868,87.2,10.6,4
2026-07-28 01:48:24,3873,84.7,10.7,4
2026-07-28 01:48:29,3878,83.0,10.6,4
2026-07-28 01:48:34,3883,85.0,10.8,4
2026-07-28 01:48:39,3888,84.4,10.6,4
2026-07-28 01:48:44,3893,85.9,10.6,4
2026-07-28 01:48:49,3898,86.8,10.8,4
2026-07-28 01:48:54,3903,85.9,10.6,4
2026-07-28 01:48:59,3908,85.5,10.7,4
2026-07-28 01:49:04,3913,84.7,10.7,4
2026-07-28 01:49:09,3918,84.6,10.7,4
2026-07-28 01:49:14,3923,84.7,10.7,4
2026-07-28 01:49:19,3928,85.5,10.7,4
2026-07-28 01:49:24,3933,85.2,10.7,4
2026-07-28 01:49:29,3938,85.2,10.6,4
2026-07-28 01:49:34,3943,84.3,10.8,4
2026-07-28 01:49:39,3948,83.7,10.6,4
2026-07-28 01:49:44,3953,83.4,10.7,4
2026-07-28 01:49:49,3958,84.5,10.7,4
2026-07-28 01:49:54,3963,84.7,10.6,4
2026-07-28 01:49:59,3968,84.1,10.8,4
2026-07-28 01:50:04,3973,84.3,10.6,4
2026-07-28 01:50:09,3978,84.5,10.7,4
2026-07-28 01:50:14,3983,83.4,10.8,4
2026-07-28 01:50:19,3988,81.7,10.6,4
2026-07-28 01:50:24,3993,84.3,10.7,4
2026-07-28 01:50:29,3998,84.1,10.7,4
2026-07-28 01:50:34,4003,83.6,10.6,4
2026-07-28 01:50:39,4008,83.8,10.8,4
2026-07-28 01:50:44,4013,83.8,10.6,4
2026-07-28 01:50:49,4018,83.8,10.7,4
2026-07-28 01:50:54,4023,82.8,10.5,4
2026-07-28 01:50:59,4028,83.8,10.6,4
2026-07-28 01:51:04,4033,83.9,10.8,4
2026-07-28 01:51:09,4038,84.5,10.6,4
2026-07-28 01:51:14,4043,83.7,10.7,4
2026-07-28 01:51:19,4048,83.6,10.6,4
2026-07-28 01:51:24,4053,84.2,10.6,4
2026-07-28 01:51:29,4058,84.3,10.9,4
2026-07-28 01:51:34,4063,84.4,10.6,4
2026-07-28 01:51:39,4068,83.8,10.8,4
2026-07-28 01:51:44,4073,85.0,10.7,4
2026-07-28 01:51:49,4078,85.0,10.8,4
2026-07-28 01:51:55,4083,85.5,10.6,4
2026-07-28 01:52:00,4088,86.3,10.7,4
2026-07-28 01:52:05,4093,84.7,10.8,4
2026-07-28 01:52:10,4098,85.4,10.6,4
2026-07-28 01:52:15,4103,86.2,10.8,4
2026-07-28 01:52:20,4108,85.4,10.7,4
2026-07-28 01:52:25,4113,84.9,10.6,4
2026-07-28 01:52:30,4118,85.2,10.9,4
2026-07-28 01:52:35,4123,83.6,10.6,4
2026-07-28 01:52:40,4128,83.8,10.7,4
2026-07-28 01:52:45,4133,83.2,10.6,4
2026-07-28 01:52:50,4138,84.0,10.7,4
2026-07-28 01:52:55,4143,84.9,10.8,4
2026-07-28 01:53:00,4148,86.0,10.6,4
2026-07-28 01:53:05,4153,86.3,10.6,4
2026-07-28 01:53:10,4158,86.3,10.8,4
2026-07-28 01:53:15,4163,86.3,10.7,4
2026-07-28 01:53:20,4168,86.4,10.7,4
2026-07-28 01:53:25,4173,86.6,10.8,4
2026-07-28 01:53:30,4178,86.1,10.6,4
2026-07-28 01:53:35,4183,86.6,10.7,4
2026-07-28 01:53:40,4188,86.8,10.8,4
2026-07-28 01:53:45,4193,86.6,10.6,4
2026-07-28 01:53:50,4198,86.1,10.7,4
2026-07-28 01:53:55,4203,85.6,10.8,4
2026-07-28 01:54:00,4208,84.9,10.7,4
2026-07-28 01:54:05,4213,84.9,10.7,4
2026-07-28 01:54:10,4218,84.3,10.7,4
2026-07-28 01:54:15,4223,85.0,10.7,4
2026-07-28 01:54:20,4228,85.0,10.7,4
2026-07-28 01:54:25,4233,83.4,10.8,4
2026-07-28 01:54:30,4238,82.7,10.7,4
2026-07-28 01:54:35,4243,83.0,10.8,4
2026-07-28 01:54:40,4248,82.2,10.7,4
2026-07-28 01:54:45,4253,83.0,10.7,4
2026-07-28 01:54:50,4258,83.2,10.8,4
2026-07-28 01:54:55,4263,83.7,10.7,4
2026-07-28 01:55:00,4268,83.3,10.8,4
2026-07-28 01:55:05,4273,82.2,10.6,4
2026-07-28 01:55:10,4278,83.8,10.7,4
2026-07-28 01:55:15,4283,84.6,10.8,4
2026-07-28 01:55:20,4288,84.2,10.8,4
2026-07-28 01:55:25,4293,84.9,10.6,4
2026-07-28 01:55:30,4298,85.7,10.8,4
2026-07-28 01:55:35,4303,85.2,10.7,4
2026-07-28 01:55:40,4308,91.5,10.9,4
2026-07-28 01:55:45,4313,95.6,10.8,4
2026-07-28 01:55:50,4318,96.7,10.7,4
2026-07-28 01:55:55,4323,97.0,10.8,4
2026-07-28 01:56:00,4328,96.6,10.9,4
2026-07-28 01:56:05,4333,97.4,10.8,4
2026-07-28 01:56:10,4338,97.6,10.8,4
2026-07-28 01:56:15,4343,97.0,10.8,4
2026-07-28 01:56:20,4348,97.5,10.8,4
2026-07-28 01:56:25,4353,97.5,10.9,4
2026-07-28 01:56:30,4358,97.4,10.8,4
2026-07-28 01:56:35,4363,97.4,10.9,4
2026-07-28 01:56:40,4368,97.3,10.8,4
2026-07-28 01:56:45,4373,94.6,10.7,4
2026-07-28 01:56:50,4378,85.3,10.7,4
2026-07-28 01:56:55,4383,85.1,10.7,4
2026-07-28 01:57:00,4388,84.6,10.7,4
2026-07-28 01:57:05,4393,85.0,10.7,4
2026-07-28 01:57:10,4398,84.2,10.7,4
2026-07-28 01:57:15,4403,84.3,10.8,4
2026-07-28 01:57:20,4408,84.9,10.7,4
2026-07-28 01:57:25,4413,85.4,10.8,4
2026-07-28 01:57:30,4418,85.0,10.6,4
2026-07-28 01:57:35,4423,84.9,10.6,4
2026-07-28 01:57:40,4428,84.3,10.8,4
2026-07-28 01:57:45,4433,83.6,10.7,4
2026-07-28 01:57:50,4438,84.0,10.8,4
2026-07-28 01:57:55,4443,83.2,10.7,4
2026-07-28 01:58:00,4448,82.8,10.7,4
2026-07-28 01:58:05,4453,84.3,10.8,4
2026-07-28 01:58:10,4458,83.5,10.7,4
2026-07-28 01:58:15,4463,83.0,10.8,4
2026-07-28 01:58:20,4468,82.5,10.7,4
2026-07-28 01:58:25,4473,84.6,10.7,4
2026-07-28 01:58:30,4478,83.8,10.8,4
2026-07-28 01:58:35,4483,83.7,10.6,4
2026-07-28 01:58:40,4488,84.0,10.7,4
2026-07-28 01:58:45,4493,84.0,10.6,4
2026-07-28 01:58:50,4498,83.9,10.7,4
2026-07-28 01:58:55,4503,83.6,10.8,4
2026-07-28 01:59:00,4508,84.1,10.7,4
2026-07-28 01:59:05,4513,84.2,10.7,4
2026-07-28 01:59:10,4518,87.7,10.9,4
2026-07-28 01:59:15,4523,95.1,10.8,4
2026-07-28 01:59:20,4528,96.1,10.8,4
2026-07-28 01:59:25,4533,96.6,10.8,4
2026-07-28 01:59:30,4538,96.3,10.9,4
2026-07-28 01:59:35,4543,96.9,10.8,4
2026-07-28 01:59:40,4548,97.5,10.8,4
2026-07-28 01:59:45,4553,97.4,10.9,4
2026-07-28 01:59:50,4559,97.3,10.7,4
2026-07-28 01:59:55,4564,97.3,10.9,4
2026-07-28 02:00:00,4569,97.6,10.8,4
2026-07-28 02:00:05,4574,97.1,10.9,4
2026-07-28 02:00:10,4579,97.2,10.8,4
2026-07-28 02:00:15,4584,97.7,10.9,4
2026-07-28 02:00:20,4589,97.5,10.8,4
2026-07-28 02:00:25,4594,97.6,11.0,4
2026-07-28 02:00:30,4599,97.5,10.8,4
2026-07-28 02:00:35,4604,97.3,10.9,4
2026-07-28 02:00:40,4609,96.9,10.8,4
2026-07-28 02:00:45,4614,97.2,10.8,4
2026-07-28 02:00:50,4619,97.3,10.9,4
2026-07-28 02:00:55,4624,96.3,10.8,4
2026-07-28 02:01:00,4629,83.6,10.7,4
2026-07-28 02:01:05,4634,83.7,10.8,4
2026-07-28 02:01:10,4639,82.8,10.6,4
2026-07-28 02:01:15,4644,84.1,10.9,4
2026-07-28 02:01:20,4649,83.8,10.7,4
2026-07-28 02:01:25,4654,82.6,10.8,4
2026-07-28 02:01:30,4659,81.2,10.7,4
2026-07-28 02:01:35,4664,82.0,10.7,4
2026-07-28 02:01:40,4669,81.5,10.7,4
2026-07-28 02:01:45,4674,81.5,10.6,4
2026-07-28 02:01:50,4679,82.6,10.7,4
2026-07-28 02:01:55,4684,84.3,10.6,4
2026-07-28 02:02:00,4689,83.9,10.9,4
2026-07-28 02:02:05,4694,82.7,10.6,4
2026-07-28 02:02:10,4699,84.0,10.8,4
2026-07-28 02:02:15,4704,83.7,10.7,4
2026-07-28 02:02:20,4709,82.7,10.8,4
2026-07-28 02:02:25,4714,84.3,10.7,4
2026-07-28 02:02:30,4719,83.4,10.7,4
2026-07-28 02:02:35,4724,83.2,10.7,4
2026-07-28 02:02:40,4729,90.5,10.9,4
2026-07-28 02:02:45,4734,94.8,10.9,4
2026-07-28 02:02:50,4739,96.4,10.7,4
2026-07-28 02:02:55,4744,96.3,10.8,4
2026-07-28 02:03:00,4749,96.5,10.9,4
2026-07-28 02:03:05,4754,97.4,10.8,4
2026-07-28 02:03:10,4759,97.0,10.9,4
2026-07-28 02:03:15,4764,97.2,10.8,4
2026-07-28 02:03:20,4769,97.2,11.0,4
2026-07-28 02:03:25,4774,97.3,10.8,4
2026-07-28 02:03:30,4779,97.6,10.9,4
2026-07-28 02:03:35,4784,85.0,10.7,4
2026-07-28 02:03:40,4789,84.1,10.7,4
2026-07-28 02:03:45,4794,83.0,10.7,4
2026-07-28 02:03:50,4799,83.4,10.6,4
2026-07-28 02:03:55,4804,83.9,10.7,4
2026-07-28 02:04:00,4809,82.6,10.7,4
2026-07-28 02:04:05,4814,83.2,10.7,4
2026-07-28 02:04:10,4819,83.6,10.7,4
2026-07-28 02:04:15,4824,84.5,10.7,4
2026-07-28 02:04:20,4829,84.6,10.7,4
2026-07-28 02:04:25,4834,83.8,10.8,4
2026-07-28 02:04:30,4839,83.9,10.7,4
2026-07-28 02:04:35,4844,84.6,10.8,4
2026-07-28 02:04:40,4849,83.6,10.7,4
2026-07-28 02:04:45,4854,84.2,10.7,4
2026-07-28 02:04:50,4859,83.8,10.8,4
2026-07-28 02:04:55,4864,82.7,10.7,4
2026-07-28 02:05:00,4869,83.5,10.7,4
2026-07-28 02:05:05,4874,83.0,10.7,4
2026-07-28 02:05:10,4879,83.3,10.8,4
2026-07-28 02:05:15,4884,83.5,10.7,4
2026-07-28 02:05:20,4889,83.2,10.7,4
2026-07-28 02:05:25,4894,82.3,10.7,4
2026-07-28 02:05:30,4899,82.0,10.8,4
2026-07-28 02:05:35,4904,82.0,10.7,4
2026-07-28 02:05:40,4909,82.1,10.9,4
2026-07-28 02:05:45,4914,84.4,10.6,4
2026-07-28 02:05:50,4919,84.2,10.8,4
2026-07-28 02:05:55,4924,83.3,10.6,4
2026-07-28 02:06:00,4929,84.4,10.7,4
2026-07-28 02:06:05,4934,83.2,10.8,4
2026-07-28 02:06:10,4939,83.9,10.6,4
2026-07-28 02:06:15,4944,83.5,10.7,4
2026-07-28 02:06:20,4949,83.6,10.7,4
2026-07-28 02:06:25,4954,83.8,10.8,4
2026-07-28 02:06:30,4959,84.7,10.7,4
2026-07-28 02:06:35,4964,84.7,10.8,4
2026-07-28 02:06:40,4969,82.2,10.6,4
2026-07-28 02:06:45,4974,82.6,10.8,4
2026-07-28 02:06:50,4979,84.5,10.7,4
2026-07-28 02:06:55,4984,84.3,10.7,4
2026-07-28 02:07:00,4989,85.5,10.9,4
2026-07-28 02:07:06,4994,84.1,10.6,4
2026-07-28 02:07:11,4999,83.0,10.8,4
2026-07-28 02:07:16,5004,81.0,10.7,4
2026-07-28 02:07:21,5009,81.6,10.8,4
2026-07-28 02:07:26,5014,82.2,10.7,4
2026-07-28 02:07:31,5019,83.6,10.7,4
2026-07-28 02:07:36,5024,84.4,10.8,4
2026-07-28 02:07:41,5029,82.7,10.6,4
2026-07-28 02:07:46,5034,84.6,10.7,4
2026-07-28 02:07:51,5039,83.0,10.8,4
2026-07-28 02:07:56,5044,82.3,10.7,4
2026-07-28 02:08:01,5049,84.9,10.7,4
2026-07-28 02:08:06,5054,85.1,10.8,4
2026-07-28 02:08:11,5059,82.7,10.8,4
2026-07-28 02:08:16,5064,82.6,10.7,4
2026-07-28 02:08:21,5069,82.5,10.8,4
2026-07-28 02:08:26,5074,82.0,10.7,4
2026-07-28 02:08:31,5079,82.3,10.8,4
2026-07-28 02:08:36,5084,84.5,10.6,4
2026-07-28 02:08:41,5089,85.8,10.8,4
2026-07-28 02:08:46,5094,83.9,10.7,4
2026-07-28 02:08:51,5099,84.1,10.7,4
2026-07-28 02:08:56,5104,84.1,10.9,4
2026-07-28 02:09:01,5109,83.2,10.6,4
2026-07-28 02:09:06,5114,83.1,10.8,4
2026-07-28 02:09:11,5119,82.8,10.6,4
2026-07-28 02:09:16,5124,84.0,10.7,4
2026-07-28 02:09:21,5129,85.2,10.7,4
2026-07-28 02:09:26,5134,83.8,10.7,4
2026-07-28 02:09:31,5139,82.5,10.7,4
2026-07-28 02:09:36,5144,83.3,10.8,4
2026-07-28 02:09:41,5149,84.5,10.8,4
2026-07-28 02:09:46,5154,85.3,10.7,4
2026-07-28 02:09:51,5159,85.5,10.8,4
2026-07-28 02:09:56,5164,84.4,10.7,4
2026-07-28 02:10:01,5169,85.0,10.8,4
2026-07-28 02:10:06,5174,85.2,10.8,4
2026-07-28 02:10:11,5179,84.3,10.6,4
2026-07-28 02:10:16,5184,84.9,10.8,4
2026-07-28 02:10:21,5189,86.1,10.7,4
2026-07-28 02:10:26,5194,85.2,10.8,4
2026-07-28 02:10:31,5199,84.4,10.8,4
2026-07-28 02:10:36,5204,83.6,10.7,4
2026-07-28 02:10:41,5209,83.3,10.7,4
2026-07-28 02:10:46,5214,81.6,10.7,4
2026-07-28 02:10:51,5219,83.8,10.6,4
2026-07-28 02:10:56,5224,84.1,10.8,4
2026-07-28 02:11:01,5229,83.1,10.6,4
2026-07-28 02:11:06,5234,82.5,10.7,4
2026-07-28 02:11:11,5239,83.1,10.8,4
2026-07-28 02:11:16,5244,82.9,10.7,4
2026-07-28 02:11:21,5249,84.9,10.7,4
2026-07-28 02:11:26,5254,82.4,10.7,4
2026-07-28 02:11:31,5259,84.1,10.7,4
2026-07-28 02:11:36,5264,84.4,10.8,4
2026-07-28 02:11:41,5269,84.8,10.7,4
2026-07-28 02:11:46,5274,82.6,10.7,4
2026-07-28 02:11:51,5279,84.3,10.9,4
2026-07-28 02:11:56,5284,84.6,10.6,4
2026-07-28 02:12:01,5289,84.2,10.8,4
2026-07-28 02:12:06,5294,84.7,10.7,4
2026-07-28 02:12:11,5299,85.2,10.6,4
2026-07-28 02:12:16,5304,85.6,10.7,4
2026-07-28 02:12:21,5309,83.3,10.7,4
2026-07-28 02:12:26,5314,83.9,10.7,4
2026-07-28 02:12:31,5319,84.6,10.8,4
2026-07-28 02:12:36,5324,82.6,10.7,4
2026-07-28 02:12:41,5329,84.0,10.8,4
2026-07-28 02:12:46,5334,84.4,10.7,4
2026-07-28 02:12:51,5339,84.6,10.7,4
2026-07-28 02:12:56,5344,83.6,10.9,4
2026-07-28 02:13:01,5349,83.5,10.7,4
2026-07-28 02:13:06,5354,83.2,10.7,4
2026-07-28 02:13:11,5359,82.7,10.8,4
2026-07-28 02:13:16,5364,82.8,10.7,4
2026-07-28 02:13:21,5369,83.2,10.7,4
2026-07-28 02:13:26,5374,83.0,10.7,4
2026-07-28 02:13:31,5379,83.1,10.7,4
2026-07-28 02:13:36,5384,84.2,10.8,4
2026-07-28 02:13:41,5389,85.9,10.7,4
2026-07-28 02:13:46,5394,85.3,10.8,4
2026-07-28 02:13:51,5399,84.9,10.7,4
2026-07-28 02:13:56,5404,85.1,10.6,4
2026-07-28 02:14:01,5409,86.2,10.7,4
2026-07-28 02:14:06,5414,86.6,10.8,4
2026-07-28 02:14:11,5419,86.2,10.7,4
2026-07-28 02:14:16,5424,85.6,10.7,4
2026-07-28 02:14:21,5429,86.4,10.8,4
2026-07-28 02:14:26,5434,86.3,10.7,4
2026-07-28 02:14:31,5439,86.9,10.6,4
2026-07-28 02:14:36,5444,87.3,10.9,4
2026-07-28 02:14:41,5449,86.4,10.7,4
2026-07-28 02:14:46,5454,86.2,10.6,4
2026-07-28 02:14:51,5459,85.9,10.8,4
2026-07-28 02:14:56,5464,85.6,10.6,4
2026-07-28 02:15:01,5469,83.2,10.8,4
2026-07-28 02:15:06,5475,83.9,10.8,4
2026-07-28 02:15:11,5480,84.4,10.7,4
2026-07-28 02:15:16,5485,84.4,10.8,4
2026-07-28 02:15:21,5490,84.3,10.8,4
2026-07-28 02:15:26,5495,84.2,10.8,4
2026-07-28 02:15:31,5500,84.1,10.7,4
2026-07-28 02:15:36,5505,83.6,10.7,4
2026-07-28 02:15:41,5510,85.2,10.8,4
2026-07-28 02:15:46,5515,84.6,10.7,4
2026-07-28 02:15:51,5520,85.3,10.8,4
2026-07-28 02:15:56,5525,85.3,10.7,4
2026-07-28 02:16:01,5530,85.4,10.6,4
2026-07-28 02:16:06,5535,84.4,10.8,4
2026-07-28 02:16:11,5540,85.5,10.6,4
2026-07-28 02:16:16,5545,86.2,10.7,4
2026-07-28 02:16:21,5550,86.0,10.8,4
2026-07-28 02:16:26,5555,85.9,10.7,4
2026-07-28 02:16:31,5560,85.7,10.7,4
2026-07-28 02:16:36,5565,85.3,10.6,4
2026-07-28 02:16:41,5570,84.3,10.8,4
2026-07-28 02:16:46,5575,83.3,10.7,4
2026-07-28 02:16:51,5580,83.2,10.7,4
2026-07-28 02:16:56,5585,83.7,10.8,4
2026-07-28 02:17:01,5590,84.3,10.6,4
2026-07-28 02:17:06,5595,84.1,10.7,4
2026-07-28 02:17:11,5600,82.8,10.7,4
2026-07-28 02:17:16,5605,83.7,10.7,4
2026-07-28 02:17:21,5610,82.9,10.8,4
2026-07-28 02:17:26,5615,81.7,10.6,4
2026-07-28 02:17:31,5620,81.9,10.9,4
2026-07-28 02:17:36,5625,83.7,10.7,4
2026-07-28 02:17:41,5630,84.5,10.8,4
2026-07-28 02:17:46,5635,84.8,10.7,4
2026-07-28 02:17:51,5640,83.9,10.7,4
2026-07-28 02:17:56,5645,85.4,10.8,4
2026-07-28 02:18:01,5650,85.6,10.6,4
2026-07-28 02:18:06,5655,91.7,10.9,4
2026-07-28 02:18:11,5660,95.5,10.8,4
2026-07-28 02:18:16,5665,97.0,10.7,4
2026-07-28 02:18:21,5670,97.1,10.8,4
2026-07-28 02:18:26,5675,96.8,10.9,4
2026-07-28 02:18:31,5680,97.3,10.8,4
2026-07-28 02:18:36,5685,97.5,10.7,4
2026-07-28 02:18:41,5690,97.1,11.0,4
2026-07-28 02:18:46,5695,97.4,10.7,4
2026-07-28 02:18:51,5700,97.8,11.0,4
2026-07-28 02:18:56,5705,97.7,10.7,4
2026-07-28 02:19:01,5710,97.3,10.9,4
2026-07-28 02:19:06,5715,97.3,10.8,4
2026-07-28 02:19:11,5720,97.7,10.8,4
2026-07-28 02:19:16,5725,97.4,10.8,4
2026-07-28 02:19:21,5730,97.4,10.8,4
2026-07-28 02:19:26,5735,97.3,10.7,4
2026-07-28 02:19:31,5740,96.5,10.8,4
2026-07-28 02:19:36,5745,96.9,10.8,4
2026-07-28 02:19:41,5750,97.1,10.9,4
2026-07-28 02:19:46,5755,97.2,10.8,4
2026-07-28 02:19:51,5760,93.2,10.7,4
2026-07-28 02:19:56,5765,82.9,10.8,4
2026-07-28 02:20:01,5770,82.7,10.6,4
2026-07-28 02:20:06,5775,82.0,10.7,4
2026-07-28 02:20:11,5780,84.9,10.7,4
2026-07-28 02:20:16,5785,85.2,10.8,4
2026-07-28 02:20:21,5790,84.1,10.8,4
2026-07-28 02:20:26,5795,84.7,10.7,4
2026-07-28 02:20:31,5800,84.5,10.6,4
2026-07-28 02:20:36,5805,84.0,10.8,4
2026-07-28 02:20:41,5810,83.9,10.7,4
2026-07-28 02:20:46,5815,83.6,10.7,4
2026-07-28 02:20:51,5820,84.8,10.9,4
2026-07-28 02:20:56,5825,87.6,10.8,4
2026-07-28 02:21:01,5830,95.1,10.9,4
2026-07-28 02:21:06,5835,95.8,10.8,4
2026-07-28 02:21:11,5840,96.9,10.8,4
2026-07-28 02:21:16,5845,96.5,10.8,4
2026-07-28 02:21:21,5850,97.0,10.8,4
2026-07-28 02:21:26,5855,97.2,10.8,4
2026-07-28 02:21:31,5860,97.1,10.9,4
2026-07-28 02:21:36,5865,97.5,10.8,4
2026-07-28 02:21:41,5870,97.6,10.9,4
2026-07-28 02:21:46,5875,97.5,10.9,4
2026-07-28 02:21:51,5880,97.2,10.8,4
2026-07-28 02:21:56,5885,97.2,10.9,4
2026-07-28 02:22:01,5890,97.4,10.8,4
2026-07-28 02:22:06,5895,85.7,10.7,4
2026-07-28 02:22:12,5900,84.0,10.8,4
2026-07-28 02:22:17,5905,83.1,10.8,4
2026-07-28 02:22:22,5910,83.6,10.7,4
2026-07-28 02:22:27,5915,84.3,10.6,4
2026-07-28 02:22:32,5920,84.2,10.6,4
2026-07-28 02:22:37,5925,85.6,10.7,4
2026-07-28 02:22:42,5930,86.6,10.7,4
2026-07-28 02:22:47,5935,86.3,10.7,4
2026-07-28 02:22:52,5940,85.8,10.7,4
2026-07-28 02:22:57,5945,86.2,10.7,4
2026-07-28 02:23:02,5950,86.0,10.7,4
2026-07-28 02:23:07,5955,85.1,10.7,4
2026-07-28 02:23:12,5960,85.5,10.7,4
2026-07-28 02:23:17,5965,86.1,10.7,4
2026-07-28 02:23:22,5970,86.4,10.6,4
2026-07-28 02:23:27,5975,85.2,10.7,4
2026-07-28 02:23:32,5980,85.1,10.8,4
2026-07-28 02:23:37,5985,85.5,10.7,4
2026-07-28 02:23:42,5990,86.6,10.7,4
2026-07-28 02:23:47,5995,85.8,10.8,4
2026-07-28 02:23:52,6000,84.9,10.6,4
2026-07-28 02:23:57,6005,84.5,10.8,4
2026-07-28 02:24:02,6010,83.0,10.7,4
2026-07-28 02:24:07,6015,82.5,10.7,4
2026-07-28 02:24:12,6020,81.2,10.6,4
2026-07-28 02:24:17,6025,82.2,10.6,4
2026-07-28 02:24:22,6030,82.5,10.8,4
2026-07-28 02:24:27,6035,82.7,10.6,4
2026-07-28 02:24:32,6040,82.3,10.9,4
2026-07-28 02:24:37,6045,82.3,10.6,4
2026-07-28 02:24:42,6050,82.8,10.9,4
2026-07-28 02:24:47,6055,83.5,10.6,4
2026-07-28 02:24:52,6060,83.3,10.8,4
2026-07-28 02:24:57,6065,83.0,10.7,4
2026-07-28 02:25:02,6070,83.3,10.7,4
2026-07-28 02:25:07,6075,83.2,10.8,4
2026-07-28 02:25:12,6080,84.0,10.7,4
2026-07-28 02:25:17,6085,84.0,10.8,4
2026-07-28 02:25:22,6090,84.4,10.8,4
2026-07-28 02:25:27,6095,84.5,10.7,4
2026-07-28 02:25:32,6100,84.7,10.8,4
2026-07-28 02:25:37,6105,84.2,10.7,4
2026-07-28 02:25:42,6110,85.0,10.6,4
2026-07-28 02:25:47,6115,84.5,10.8,4
2026-07-28 02:25:52,6120,83.8,10.8,4
2026-07-28 02:25:57,6125,84.0,10.7,4
2026-07-28 02:26:02,6130,84.4,10.8,4
2026-07-28 02:26:07,6135,85.0,10.6,4
2026-07-28 02:26:12,6140,85.1,10.7,4
2026-07-28 02:26:17,6145,84.9,10.7,4
2026-07-28 02:26:22,6150,84.0,10.8,4
2026-07-28 02:26:27,6155,83.7,10.7,4
2026-07-28 02:26:32,6160,85.2,10.6,4
2026-07-28 02:26:37,6165,86.3,10.8,4
2026-07-28 02:26:42,6170,85.0,10.7,4
2026-07-28 02:26:47,6175,86.4,10.7,4
2026-07-28 02:26:52,6180,86.7,10.7,4
2026-07-28 02:26:57,6185,85.7,10.7,4
2026-07-28 02:27:02,6190,86.4,10.7,4
2026-07-28 02:27:07,6195,87.1,10.6,4
2026-07-28 02:27:12,6200,85.9,10.7,4
2026-07-28 02:27:17,6205,86.2,10.7,4
2026-07-28 02:27:22,6210,85.8,10.8,4
2026-07-28 02:27:27,6215,84.0,10.7,4
2026-07-28 02:27:32,6220,83.1,10.8,4
2026-07-28 02:27:37,6225,83.4,10.6,4
2026-07-28 02:27:42,6230,83.5,10.8,4
2026-07-28 02:27:47,6235,82.4,10.6,4
2026-07-28 02:27:52,6240,83.0,10.7,4
2026-07-28 02:27:57,6245,82.2,10.6,4
2026-07-28 02:28:02,6250,81.6,10.7,4
2026-07-28 02:28:07,6255,83.0,10.7,4
2026-07-28 02:28:12,6260,81.8,10.7,4
2026-07-28 02:28:17,6265,83.3,10.8,4
2026-07-28 02:28:22,6270,84.2,10.6,4
2026-07-28 02:28:27,6275,83.0,10.8,4
2026-07-28 02:28:32,6280,81.4,10.6,4
2026-07-28 02:28:37,6285,83.6,10.8,4
2026-07-28 02:28:42,6290,83.9,10.8,4
2026-07-28 02:28:47,6295,83.8,10.7,4
2026-07-28 02:28:52,6300,83.9,10.9,4
2026-07-28 02:28:57,6305,85.1,10.7,4
2026-07-28 02:29:02,6310,91.5,10.8,4
2026-07-28 02:29:07,6315,94.9,10.9,4
2026-07-28 02:29:12,6320,96.4,10.8,4
2026-07-28 02:29:17,6325,96.6,10.7,4
2026-07-28 02:29:22,6330,96.4,10.9,4
2026-07-28 02:29:27,6335,97.0,10.8,4
2026-07-28 02:29:32,6340,97.2,10.9,4
2026-07-28 02:29:37,6345,96.9,10.8,4
2026-07-28 02:29:42,6350,97.5,11.0,4
2026-07-28 02:29:47,6355,97.6,10.7,4
2026-07-28 02:29:52,6360,97.5,10.9,4
2026-07-28 02:29:57,6365,87.4,10.7,4
2026-07-28 02:30:02,6370,82.9,10.7,4
2026-07-28 02:30:07,6376,81.8,10.8,4
2026-07-28 02:30:12,6381,81.7,10.8,4
2026-07-28 02:30:17,6386,81.6,10.7,4
2026-07-28 02:30:22,6391,81.2,10.7,4
2026-07-28 02:30:27,6396,81.3,10.8,4
2026-07-28 02:30:32,6401,81.9,10.7,4
2026-07-28 02:30:37,6406,83.7,10.7,4
2026-07-28 02:30:42,6411,84.5,10.7,4
2026-07-28 02:30:47,6416,83.9,10.8,4
2026-07-28 02:30:52,6421,84.0,10.6,4
2026-07-28 02:30:57,6426,84.4,10.7,4
2026-07-28 02:31:02,6431,83.9,10.7,4
2026-07-28 02:31:07,6436,83.7,10.7,4
2026-07-28 02:31:12,6441,84.0,10.8,4
2026-07-28 02:31:17,6446,83.1,10.6,4
2026-07-28 02:31:22,6451,84.1,10.9,4
2026-07-28 02:31:27,6456,84.5,10.7,4
2026-07-28 02:31:32,6461,84.0,10.7,4
2026-07-28 02:31:37,6466,83.5,10.7,4
2026-07-28 02:31:42,6471,84.1,10.6,4
2026-07-28 02:31:47,6476,84.9,10.7,4
2026-07-28 02:31:52,6481,85.7,10.7,4
2026-07-28 02:31:57,6486,84.7,10.7,4
2026-07-28 02:32:02,6491,83.0,10.9,4
2026-07-28 02:32:07,6496,84.0,10.6,4
2026-07-28 02:32:12,6501,83.7,10.8,4
2026-07-28 02:32:17,6506,82.8,10.6,4
2026-07-28 02:32:22,6511,83.6,10.8,4
2026-07-28 02:32:27,6516,83.5,10.7,4
2026-07-28 02:32:32,6521,83.5,10.7,4
2026-07-28 02:32:37,6526,82.9,10.7,4
2026-07-28 02:32:42,6531,83.7,10.7,4
2026-07-28 02:32:47,6536,83.7,10.8,4
2026-07-28 02:32:52,6541,83.2,10.7,4
2026-07-28 02:32:57,6546,83.2,10.8,4
2026-07-28 02:33:02,6551,83.6,10.6,4
2026-07-28 02:33:07,6556,83.7,10.8,4
2026-07-28 02:33:12,6561,82.5,10.8,4
2026-07-28 02:33:17,6566,83.8,10.7,4
2026-07-28 02:33:22,6571,83.4,10.8,4
2026-07-28 02:33:27,6576,83.9,10.6,4
2026-07-28 02:33:32,6581,83.8,10.7,4
2026-07-28 02:33:37,6586,84.2,10.6,4
2026-07-28 02:33:42,6591,84.3,10.7,4
2026-07-28 02:33:47,6596,83.1,10.8,4
2026-07-28 02:33:52,6601,83.5,10.6,4
2026-07-28 02:33:57,6606,84.4,10.8,4
2026-07-28 02:34:02,6611,83.9,10.6,4
2026-07-28 02:34:07,6616,84.5,10.7,4
2026-07-28 02:34:12,6621,84.2,10.7,4
2026-07-28 02:34:17,6626,82.8,10.7,4
2026-07-28 02:34:22,6631,81.9,10.8,4
2026-07-28 02:34:27,6636,82.6,10.7,4
2026-07-28 02:34:32,6641,83.6,10.7,4
2026-07-28 02:34:37,6646,84.6,10.7,4
2026-07-28 02:34:42,6651,85.7,10.7,4
2026-07-28 02:34:47,6656,84.7,10.8,4
2026-07-28 02:34:52,6661,85.4,10.7,4
2026-07-28 02:34:57,6666,85.6,10.6,4
2026-07-28 02:35:02,6671,85.6,10.8,4
2026-07-28 02:35:07,6676,86.5,10.7,4
2026-07-28 02:35:12,6681,87.0,10.6,4
2026-07-28 02:35:17,6686,85.2,10.9,4
2026-07-28 02:35:22,6691,85.1,10.7,4
2026-07-28 02:35:27,6696,85.2,10.7,4
2026-07-28 02:35:32,6701,82.8,10.7,4
2026-07-28 02:35:37,6706,83.2,10.6,4
2026-07-28 02:35:42,6711,85.5,10.7,4
2026-07-28 02:35:47,6716,85.2,10.8,4
2026-07-28 02:35:52,6721,84.0,10.8,4
2026-07-28 02:35:57,6726,83.6,10.8,4
2026-07-28 02:36:02,6731,82.4,10.7,4
2026-07-28 02:36:07,6736,80.8,10.8,4
2026-07-28 02:36:12,6741,81.8,10.7,4
2026-07-28 02:36:17,6746,81.9,10.7,4
2026-07-28 02:36:22,6751,82.0,10.6,4
2026-07-28 02:36:27,6756,82.5,10.7,4
2026-07-28 02:36:32,6761,83.8,10.9,4
2026-07-28 02:36:37,6766,82.9,10.7,4
2026-07-28 02:36:42,6771,83.0,10.7,4
2026-07-28 02:36:47,6776,83.5,10.6,4
2026-07-28 02:36:52,6781,83.9,10.7,4
2026-07-28 02:36:57,6786,84.4,10.7,4
2026-07-28 02:37:02,6791,84.2,10.7,4
2026-07-28 02:37:07,6796,82.9,10.7,4
2026-07-28 02:37:12,6801,81.9,10.8,4
2026-07-28 02:37:17,6806,84.0,10.8,4
2026-07-28 02:37:22,6811,94.8,10.9,4
2026-07-28 02:37:27,6816,95.2,10.8,4
2026-07-28 02:37:33,6821,96.7,10.8,4
2026-07-28 02:37:38,6826,96.2,11.0,4
2026-07-28 02:37:43,6831,96.8,10.7,4
2026-07-28 02:37:48,6836,97.3,11.0,4
2026-07-28 02:37:53,6841,97.2,10.8,4
2026-07-28 02:37:58,6846,96.9,10.8,4
2026-07-28 02:38:03,6851,97.3,10.9,4
2026-07-28 02:38:08,6856,97.2,10.8,4
2026-07-28 02:38:13,6861,96.8,10.9,4
2026-07-28 02:38:18,6866,97.2,10.8,4
2026-07-28 02:38:23,6871,97.2,10.9,4
2026-07-28 02:38:28,6876,97.7,10.8,4
2026-07-28 02:38:33,6881,97.6,10.8,4
2026-07-28 02:38:38,6886,97.0,10.7,4
2026-07-28 02:38:43,6891,96.4,10.8,4
2026-07-28 02:38:48,6896,96.8,10.7,4
2026-07-28 02:38:53,6901,97.0,10.8,4
2026-07-28 02:38:58,6906,97.3,10.9,4
2026-07-28 02:39:03,6911,94.4,10.7,4
2026-07-28 02:39:08,6916,84.9,10.8,4
2026-07-28 02:39:13,6921,83.9,10.6,4
2026-07-28 02:39:18,6926,84.7,10.9,4
2026-07-28 02:39:23,6931,84.4,10.6,4
2026-07-28 02:39:28,6936,84.8,10.7,4
2026-07-28 02:39:33,6941,83.5,10.8,4
2026-07-28 02:39:38,6946,84.2,10.6,4
2026-07-28 02:39:43,6951,83.8,10.9,4
2026-07-28 02:39:48,6956,82.9,10.6,4
2026-07-28 02:39:53,6961,83.9,10.8,4
2026-07-28 02:39:58,6966,83.9,10.7,4
2026-07-28 02:40:03,6971,85.9,10.6,4
2026-07-28 02:40:08,6976,84.4,10.9,4
2026-07-28 02:40:13,6981,83.3,10.6,4
2026-07-28 02:40:18,6986,84.4,10.8,4
2026-07-28 02:40:23,6991,84.4,10.7,4
2026-07-28 02:40:28,6996,84.4,10.7,4
2026-07-28 02:40:33,7001,84.9,10.7,4
2026-07-28 02:40:38,7006,85.9,10.7,4
2026-07-28 02:40:43,7011,85.3,10.7,4
2026-07-28 02:40:48,7016,83.6,10.6,4
2026-07-28 02:40:53,7021,83.6,10.7,4
2026-07-28 02:40:58,7026,83.4,10.7,4
2026-07-28 02:41:03,7031,84.0,10.8,4
2026-07-28 02:41:08,7036,84.2,10.8,4
2026-07-28 02:41:13,7041,85.1,10.7,4
2026-07-28 02:41:18,7046,85.2,10.8,4
2026-07-28 02:41:23,7051,83.3,10.6,4
2026-07-28 02:41:28,7056,84.7,10.7,4
2026-07-28 02:41:33,7061,85.9,10.9,4
2026-07-28 02:41:38,7066,86.3,10.6,4
2026-07-28 02:41:43,7071,86.6,10.7,4
2026-07-28 02:41:48,7076,84.9,10.8,4
2026-07-28 02:41:53,7081,84.5,10.6,4
2026-07-28 02:41:58,7086,83.2,10.8,4
2026-07-28 02:42:03,7091,84.2,10.8,4
2026-07-28 02:42:08,7096,84.4,10.6,4
2026-07-28 02:42:13,7101,85.8,10.8,4
2026-07-28 02:42:18,7106,87.2,10.7,4
2026-07-28 02:42:23,7111,85.6,10.7,4
2026-07-28 02:42:28,7116,84.5,10.8,4
2026-07-28 02:42:33,7121,84.9,10.6,4
2026-07-28 02:42:38,7126,85.1,10.7,4
2026-07-28 02:42:43,7131,83.5,10.8,4
2026-07-28 02:42:48,7136,83.8,10.7,4
2026-07-28 02:42:53,7141,83.5,10.8,4
2026-07-28 02:42:58,7146,84.3,10.6,4
2026-07-28 02:43:03,7151,83.5,10.7,4
2026-07-28 02:43:08,7156,82.8,10.6,4
2026-07-28 02:43:13,7161,83.4,10.7,4
2026-07-28 02:43:18,7166,84.8,10.8,4
2026-07-28 02:43:23,7171,84.5,10.7,4
2026-07-28 02:43:28,7176,83.9,10.7,4
2026-07-28 02:43:33,7181,83.9,10.6,4
2026-07-28 02:43:38,7186,84.0,10.6,4
2026-07-28 02:43:43,7191,83.7,10.7,4
2026-07-28 02:43:48,7196,85.2,10.6,4
2026-07-28 02:43:53,7201,84.9,10.8,4
2026-07-28 02:43:58,7206,85.0,10.7,4
2026-07-28 02:44:03,7211,85.3,10.8,4
2026-07-28 02:44:08,7216,85.3,10.7,4
