group,cpu_pct,ram_pct,ram_gb
0_cams,9.468,5.949,7.465
0_cams,8.649,5.945,7.461
0_cams,9.435,5.951,7.467
0_cams,5.862,5.939,7.453
0_cams,5.862,5.939,7.453
0_cams,7.316,5.937,7.451
0_cams,6.509,5.939,7.452
0_cams,6.218,5.947,7.463
0_cams,6.159,5.947,7.463
0_cams,6.149,5.948,7.464
0_cams,5.85,5.948,7.464
0_cams,5.906,5.944,7.459
0_cams,6.489,5.943,7.458
0_cams,6.064,5.952,7.469
0_cams,5.612,5.952,7.469
0_cams,5.853,5.953,7.47
0_cams,6.105,5.951,7.468
0_cams,5.758,5.94,7.453
0_cams,6.01,5.94,7.454
0_cams,5.749,5.939,7.453
0_cams,6.051,5.94,7.454
0_cams,5.853,5.945,7.461
0_cams,6.552,5.944,7.459
0_cams,5.268,5.951,7.467
0_cams,5.696,5.951,7.468
0_cams,6.2,5.942,7.457
0_cams,5.74,5.943,7.457
0_cams,6.064,5.949,7.466
0_cams,6.042,5.949,7.465
0_cams,6.663,5.939,7.452
0_cams,6.902,5.939,7.453
0_cams,6.247,5.942,7.456
0_cams,5.755,5.942,7.456
0_cams,8.577,5.944,7.459
0_cams,6.404,5.945,7.46
0_cams,11.624,5.966,7.486
0_cams,8.999,5.962,7.482
0_cams,12.582,5.993,7.521
0_cams,6.582,6.005,7.535
0_cams,7.475,5.998,7.527
0_cams,7.824,5.997,7.525
0_cams,7.731,6.005,7.535
0_cams,7.377,6.004,7.534
0_cams,5.978,6.003,7.533
0_cams,8.553,6.012,7.545
0_cams,6.414,6.012,7.545
0_cams,7.638,6.002,7.531
0_cams,5.897,5.999,7.528
0_cams,9.62,6.002,7.531
0_cams,6.421,5.996,7.525
0_cams,6.808,5.984,7.509
0_cams,7.529,5.985,7.511
0_cams,9.302,5.984,7.509
0_cams,9.707,5.984,7.509
0_cams,6.566,5.982,7.506
0_cams,5.954,5.98,7.505
0_cams,8.443,5.985,7.511
0_cams,5.722,5.985,7.51
0_cams,7.222,5.988,7.515
0_cams,5.356,5.982,7.507
0_cams,7.883,5.988,7.515
0_cams,5.502,5.988,7.515
0_cams,6.108,5.984,7.51
0_cams,6.108,5.978,7.502
0_cams,8.443,5.982,7.506
0_cams,6.499,5.978,7.502
0_cams,6.348,5.975,7.498
0_cams,7.327,5.975,7.498
0_cams,6.159,5.975,7.498
0_cams,5.704,5.972,7.494
0_cams,6.215,5.964,7.484
0_cams,5.9,5.96,7.479
0_cams,7.723,5.96,7.479
0_cams,8.283,5.961,7.48
0_cams,8.156,5.964,7.484
0_cams,5.659,5.964,7.485
0_cams,6.404,5.963,7.483
0_cams,5.684,5.963,7.482
0_cams,8.544,5.968,7.49
0_cams,7.161,5.963,7.483
0_cams,6.465,5.957,7.476
0_cams,6.829,5.958,7.476
0_cams,7.443,5.953,7.471
0_cams,5.642,5.954,7.471
0_cams,6.559,5.954,7.471
0_cams,6.637,5.953,7.471
0_cams,5.567,5.95,7.466
0_cams,5.785,5.944,7.459
0_cams,5.752,5.944,7.46
0_cams,6.004,5.949,7.465
0_cams,6.099,5.949,7.466
0_cams,5.992,5.954,7.472
0_cams,9.325,5.956,7.474
0_cams,6.916,5.948,7.464
0_cams,5.903,5.948,7.464
0_cams,6.663,5.947,7.462
0_cams,5.609,5.947,7.462
0_cams,6.344,5.947,7.462
0_cams,5.713,5.947,7.463
0_cams,6.247,5.939,7.453
0_cams,5.665,5.939,7.452
0_cams,5.693,5.943,7.457
0_cams,6.076,5.946,7.461
0_cams,7.891,5.946,7.462
0_cams,6.102,5.947,7.462
0_cams,6.512,5.936,7.449
0_cams,5.963,5.936,7.449
0_cams,5.415,5.942,7.456
0_cams,6.253,5.942,7.457
0_cams,5.909,5.947,7.463
0_cams,6.212,5.95,7.466
0_cams,5.811,5.949,7.465
0_cams,6.263,5.948,7.464
0_cams,5.617,5.956,7.474
0_cams,5.704,5.956,7.474
0_cams,6.111,5.945,7.461
0_cams,5.556,5.946,7.461
0_cams,5.992,5.952,7.469
0_cams,6.155,5.952,7.469
0_cams,5.502,5.946,7.462
0_cams,6.004,5.94,7.454
0_cams,5.724,5.945,7.46
0_cams,6.93,5.94,7.454
0_cams,6.004,5.941,7.455
0_cams,5.505,5.935,7.448
0_cams,11.196,5.937,7.45
0_cams,5.82,5.934,7.447
0_cams,6.465,5.933,7.445
0_cams,5.85,5.934,7.447
0_cams,6.001,5.937,7.45
0_cams,5.903,5.936,7.449
0_cams,5.364,5.934,7.446
0_cams,6.838,5.935,7.448
0_cams,7.226,5.937,7.45
0_cams,5.567,5.942,7.457
0_cams,6.001,5.942,7.457
0_cams,6.058,5.945,7.46
0_cams,5.808,5.945,7.461
0_cams,6.71,5.939,7.452
0_cams,6.013,5.939,7.452
0_cams,5.96,5.942,7.457
0_cams,6.001,5.942,7.457
0_cams,6.323,5.949,7.465
0_cams,5.441,5.949,7.465
0_cams,5.909,5.941,7.456
0_cams,6.099,5.941,7.456
0_cams,5.915,5.94,7.454
0_cams,6.414,5.94,7.454
0_cams,7.276,5.948,7.465
0_cams,6.401,5.949,7.465
0_cams,6.67,5.947,7.463
0_cams,6.096,5.947,7.463
0_cams,6.206,5.949,7.465
0_cams,5.648,5.949,7.465
0_cams,5.96,5.941,7.455
0_cams,7.828,5.94,7.455
0_cams,7.51,5.942,7.456
0_cams,7.533,5.943,7.458
0_cams,8.232,5.949,7.465
0_cams,6.879,5.949,7.465
0_cams,7.125,5.939,7.453
0_cams,7.801,5.939,7.453
0_cams,7.677,5.934,7.446
0_cams,7.078,5.934,7.447
0_cams,8.186,5.94,7.453
0_cams,6.973,5.94,7.454
0_cams,7.269,5.946,7.461
0_cams,7.067,5.946,7.461
0_cams,7.529,5.938,7.452
0_cams,7.013,5.939,7.452
0_cams,7.794,5.934,7.447
0_cams,7.348,5.935,7.448
0_cams,7.626,5.935,7.447
0_cams,6.865,5.935,7.447
0_cams,7.883,5.934,7.447
0_cams,7.448,5.934,7.447
0_cams,8.135,5.939,7.453
0_cams,7.42,5.941,7.455
0_cams,7.37,5.959,7.478
0_cams,8.397,5.95,7.467
0_cams,8.182,5.95,7.467
0_cams,7.712,5.948,7.464
0_cams,7.941,5.948,7.465
0_cams,6.31,5.953,7.47
0_cams,7.471,5.953,7.47
0_cams,7.626,5.953,7.47
0_cams,7.727,5.954,7.471
0_cams,7.389,5.957,7.475
0_cams,6.111,5.954,7.471
0_cams,6.099,5.951,7.468
0_cams,6.01,5.951,7.467
0_cams,6.717,5.942,7.457
0_cams,6.266,5.941,7.455
0_cams,7.143,5.946,7.462
0_cams,7.467,5.947,7.463
0_cams,6.673,5.945,7.46
0_cams,7.875,5.945,7.46
0_cams,7.428,5.937,7.451
0_cams,5.556,5.939,7.453
0_cams,5.817,5.934,7.447
0_cams,6.111,5.934,7.447
0_cams,6.016,5.934,7.447
0_cams,6.253,5.935,7.447
0_cams,8.161,5.945,7.46
0_cams,5.651,5.945,7.46
0_cams,6.926,5.946,7.462
0_cams,5.561,5.946,7.461
0_cams,7.01,5.953,7.47
0_cams,5.606,5.953,7.47
0_cams,6.159,5.949,7.466
0_cams,6.007,5.95,7.466
0_cams,5.992,5.943,7.458
0_cams,7.603,5.944,7.459
0_cams,6.876,5.949,7.465
0_cams,6.546,5.943,7.458
0_cams,6.474,5.952,7.469
0_cams,6.478,5.953,7.47
0_cams,8.228,5.954,7.472
0_cams,7.677,5.954,7.472
0_cams,7.941,5.955,7.473
0_cams,7.774,5.955,7.473
0_cams,7.175,5.96,7.479
0_cams,7.731,5.959,7.478
0_cams,7.46,5.959,7.478
0_cams,8.14,5.955,7.473
0_cams,7.269,5.955,7.472
0_cams,7.692,5.961,7.48
0_cams,5.707,5.961,7.481
0_cams,7.244,5.952,7.469
0_cams,7.63,5.953,7.47
0_cams,10.293,5.928,7.439
0_cams,8.687,5.928,7.439
0_cams,6.528,5.925,7.435
0_cams,8.228,5.925,7.436
0_cams,7.879,5.929,7.44
0_cams,7.719,5.929,7.44
0_cams,7.027,5.923,7.433
0_cams,7.572,5.924,7.434
0_cams,7.269,5.927,7.438
0_cams,6.297,5.927,7.438
0_cams,8.77,5.925,7.435
0_cams,7.482,5.925,7.435
0_cams,7.619,5.927,7.437
0_cams,8.426,5.927,7.438
0_cams,7.925,5.933,7.445
0_cams,7.183,5.924,7.434
0_cams,6.66,5.924,7.433
0_cams,5.805,5.924,7.433
0_cams,7.54,5.927,7.438
0_cams,6.844,5.927,7.438
0_cams,8.174,5.928,7.439
0_cams,6.761,5.928,7.439
0_cams,7.615,5.933,7.445
0_cams,6.613,5.933,7.445
0_cams,8.085,5.922,7.431
0_cams,6.377,5.922,7.431
0_cams,8.291,5.925,7.435
0_cams,6.93,5.925,7.436
0_cams,9.178,5.927,7.438
0_cams,6.811,5.927,7.437
0_cams,7.832,5.928,7.439
0_cams,6.822,5.929,7.44
0_cams,7.121,5.938,7.451
0_cams,6.89,5.938,7.451
0_cams,7.389,5.938,7.451
0_cams,7.219,5.937,7.451
0_cams,6.7,5.942,7.457
0_cams,5.802,5.942,7.457
0_cams,7.273,5.942,7.456
0_cams,8.967,5.944,7.46
0_cams,6.562,5.945,7.46
0_cams,7.544,5.937,7.45
0_cams,7.859,5.937,7.45
0_cams,7.067,5.943,7.458
0_cams,7.673,5.943,7.458
0_cams,8.219,5.939,7.453
0_cams,6.206,5.939,7.453
0_cams,7.37,5.94,7.455
0_cams,6.022,5.94,7.455
0_cams,7.056,5.942,7.457
0_cams,6.721,5.943,7.457
0_cams,6.304,5.938,7.451
0_cams,8.169,5.938,7.451
0_cams,7.363,5.944,7.459
0_cams,8.599,5.944,7.459
0_cams,8.022,5.95,7.467
0_cams,7.312,5.95,7.467
0_cams,6.818,5.946,7.462
0_cams,6.522,5.946,7.462
0_cams,6.606,5.947,7.462
0_cams,7.439,5.941,7.455
0_cams,7.136,5.949,7.465
0_cams,8.283,5.951,7.468
0_cams,7.475,5.943,7.458
0_cams,6.474,5.944,7.458
0_cams,7.716,5.949,7.465
0_cams,11.486,5.949,7.465
0_cams,7.739,5.951,7.467
0_cams,8.228,5.951,7.467
0_cams,7.572,5.953,7.47
1_cams,16.625,6.13,7.693
1_cams,16.148,6.131,7.693
1_cams,15.264,6.121,7.682
1_cams,19.607,6.12,7.68
1_cams,22.976,6.124,7.685
1_cams,21.018,6.126,7.688
1_cams,21.127,6.118,7.678
1_cams,21.831,6.12,7.68
1_cams,21.479,6.123,7.683
1_cams,20.955,6.122,7.683
1_cams,21.943,6.124,7.685
1_cams,22.099,6.124,7.685
1_cams,23.004,6.12,7.68
1_cams,21.547,6.12,7.68
1_cams,21.698,6.121,7.681
1_cams,20.785,6.12,7.68
1_cams,20.865,6.125,7.687
1_cams,18.218,6.124,7.685
1_cams,17.916,6.128,7.69
1_cams,18.876,6.126,7.687
1_cams,18.983,6.129,7.691
1_cams,17.843,6.123,7.684
1_cams,18.841,6.122,7.682
1_cams,17.825,6.122,7.683
1_cams,18.492,6.131,7.694
1_cams,18.791,6.131,7.694
1_cams,21.396,6.142,7.708
1_cams,17.916,6.142,7.708
1_cams,20.976,6.137,7.701
1_cams,21.116,6.135,7.699
1_cams,21.634,6.14,7.704
1_cams,17.505,6.139,7.703
1_cams,19.456,6.145,7.711
1_cams,17.538,6.145,7.712
1_cams,18.942,6.158,7.728
1_cams,18.425,6.148,7.714
1_cams,16.414,6.148,7.715
1_cams,14.796,6.149,7.716
1_cams,15.4,6.156,7.725
1_cams,15.871,6.154,7.723
1_cams,15.28,6.147,7.714
1_cams,16.332,6.147,7.714
1_cams,17.027,6.149,7.716
1_cams,17.825,6.148,7.715
1_cams,17.647,6.15,7.717
1_cams,19.074,6.151,7.719
1_cams,19.728,6.151,7.719
1_cams,20.393,6.157,7.726
1_cams,19.366,6.156,7.725
1_cams,19.335,6.162,7.733
1_cams,14.919,6.161,7.732
1_cams,16.189,6.175,7.749
1_cams,16.339,6.174,7.748
1_cams,16.097,6.168,7.741
1_cams,19.225,6.165,7.737
1_cams,21.296,6.164,7.735
1_cams,21.77,6.158,7.727
1_cams,23.992,6.151,7.719
1_cams,24.372,6.151,7.719
1_cams,23.97,6.148,7.715
1_cams,23.491,6.148,7.714
1_cams,21.49,6.141,7.706
1_cams,20.101,6.141,7.707
1_cams,17.792,6.134,7.698
1_cams,15.435,6.135,7.698
1_cams,16.675,6.14,7.705
1_cams,14.731,6.14,7.705
1_cams,15.203,6.137,7.702
1_cams,14.062,6.136,7.7
1_cams,14.343,6.132,7.695
1_cams,16.044,6.133,7.697
1_cams,15.512,6.137,7.701
1_cams,13.833,6.129,7.691
1_cams,13.689,6.134,7.697
1_cams,14.832,6.132,7.695
1_cams,15.272,6.132,7.694
1_cams,15.35,6.132,7.695
1_cams,18.319,6.136,7.7
1_cams,15.529,6.136,7.7
1_cams,19.009,6.152,7.72
1_cams,16.524,6.157,7.726
1_cams,16.129,6.158,7.728
1_cams,17.38,6.152,7.721
1_cams,16.222,6.152,7.72
1_cams,15.377,6.147,7.714
1_cams,15.819,6.146,7.713
1_cams,16.314,6.146,7.712
1_cams,16.398,6.15,7.717
1_cams,17.052,6.149,7.716
1_cams,16.809,6.155,7.724
1_cams,16.213,6.155,7.724
1_cams,15.358,6.162,7.732
1_cams,17.88,6.162,7.733
1_cams,16.431,6.158,7.727
1_cams,14.48,6.157,7.726
1_cams,15.98,6.159,7.729
1_cams,16.792,6.158,7.727
1_cams,15.845,6.162,7.732
1_cams,17.834,6.161,7.731
1_cams,20.625,6.164,7.735
1_cams,20.221,6.163,7.734
1_cams,16.909,6.162,7.733
1_cams,15.699,6.162,7.733
1_cams,16.625,6.162,7.732
1_cams,17.94,6.168,7.74
1_cams,15.803,6.167,7.739
1_cams,19.598,6.173,7.747
1_cams,18.539,6.173,7.746
1_cams,16.516,6.173,7.746
1_cams,15.156,6.169,7.742
1_cams,15.133,6.154,7.723
1_cams,15.482,6.154,7.723
1_cams,15.885,6.154,7.722
1_cams,14.962,6.153,7.721
1_cams,14.761,6.152,7.72
1_cams,16.137,6.152,7.721
1_cams,16.6,6.147,7.713
1_cams,16.449,6.146,7.713
1_cams,17.153,6.151,7.719
1_cams,16.307,6.147,7.714
1_cams,16.39,6.151,7.718
1_cams,15.179,6.151,7.718
1_cams,17.531,6.148,7.716
1_cams,19.678,6.147,7.714
1_cams,18.92,6.143,7.709
1_cams,17.897,6.142,7.708
1_cams,18.104,6.135,7.698
1_cams,17.121,6.135,7.698
1_cams,15.152,6.143,7.709
1_cams,16.608,6.142,7.708
1_cams,16.792,6.138,7.703
1_cams,16.684,6.139,7.703
1_cams,17.019,6.137,7.701
1_cams,18.328,6.136,7.7
1_cams,16.474,6.142,7.708
1_cams,16.332,6.14,7.705
1_cams,16.381,6.134,7.698
1_cams,13.451,6.134,7.698
1_cams,14.891,6.139,7.703
1_cams,15.598,6.138,7.703
1_cams,17.262,6.138,7.702
1_cams,16.86,6.138,7.703
1_cams,18.008,6.149,7.717
1_cams,19.173,6.149,7.716
1_cams,15.392,6.156,7.725
1_cams,14.063,6.156,7.725
1_cams,14.97,6.154,7.722
1_cams,15.206,6.154,7.722
1_cams,15.005,6.16,7.73
1_cams,15.055,6.159,7.728
1_cams,14.895,6.163,7.733
1_cams,13.739,6.162,7.733
1_cams,13.394,6.169,7.741
1_cams,13.639,6.169,7.741
1_cams,16.097,6.168,7.741
1_cams,16.449,6.166,7.738
1_cams,16.751,6.165,7.736
1_cams,16.465,6.164,7.735
1_cams,14.156,6.167,7.739
1_cams,15.439,6.16,7.731
1_cams,15.594,6.159,7.729
1_cams,16.675,6.156,7.725
1_cams,15.605,6.155,7.724
1_cams,15.458,6.161,7.731
1_cams,16.239,6.16,7.73
1_cams,15.141,6.158,7.728
1_cams,18.044,6.157,7.726
1_cams,19.869,6.159,7.728
1_cams,18.26,6.154,7.722
1_cams,15.729,6.16,7.73
1_cams,12.689,6.158,7.727
1_cams,12.777,6.157,7.726
1_cams,18.323,6.155,7.724
1_cams,19.769,6.16,7.73
1_cams,18.448,6.16,7.73
1_cams,21.429,6.163,7.734
1_cams,22.665,6.163,7.734
1_cams,15.66,6.169,7.742
1_cams,15.121,6.17,7.742
1_cams,16.238,6.174,7.747
1_cams,19.507,6.174,7.747
1_cams,17.127,6.171,7.744
1_cams,14.171,6.171,7.743
1_cams,15.191,6.166,7.738
1_cams,15.264,6.166,7.738
1_cams,15.206,6.162,7.733
1_cams,15.819,6.163,7.733
1_cams,15.299,6.159,7.728
1_cams,14.824,6.151,7.719
1_cams,18.369,6.147,7.714
1_cams,17.78,6.147,7.713
1_cams,19.256,6.15,7.718
1_cams,20.382,6.149,7.716
1_cams,21.22,6.152,7.72
1_cams,16.004,6.153,7.721
1_cams,15.075,6.155,7.724
1_cams,16.121,6.173,7.746
1_cams,16.231,6.176,7.75
1_cams,16.105,6.173,7.747
1_cams,16.683,6.178,7.753
1_cams,15.106,6.176,7.75
1_cams,14.473,6.172,7.745
1_cams,12.582,6.171,7.744
1_cams,14.925,6.167,7.739
1_cams,16.097,6.167,7.739
1_cams,15.763,6.173,7.746
1_cams,18.053,6.172,7.746
1_cams,17.347,6.176,7.75
1_cams,15.083,6.175,7.748
1_cams,17.674,6.181,7.757
1_cams,14.912,6.181,7.757
1_cams,13.431,6.176,7.751
1_cams,14.394,6.176,7.75
1_cams,17.343,6.159,7.728
1_cams,14.947,6.158,7.728
1_cams,15.787,6.16,7.731
1_cams,16.155,6.161,7.731
1_cams,15.652,6.158,7.728
1_cams,15.018,6.159,7.728
1_cams,15.416,6.159,7.728
1_cams,14.776,6.152,7.72
1_cams,16.566,6.153,7.721
1_cams,20.624,6.151,7.718
1_cams,21.206,6.15,7.717
1_cams,21.497,6.148,7.715
1_cams,20.483,6.148,7.715
1_cams,19.598,6.15,7.718
1_cams,19.225,6.149,7.717
1_cams,19.587,6.146,7.713
1_cams,17.916,6.146,7.712
1_cams,16.583,6.153,7.722
1_cams,17.33,6.154,7.722
1_cams,19.568,6.16,7.73
1_cams,17.632,6.16,7.73
1_cams,15.412,6.157,7.726
1_cams,15.035,6.156,7.725
1_cams,15.091,6.158,7.727
1_cams,16.683,6.158,7.728
1_cams,17.413,6.157,7.726
1_cams,19.227,6.156,7.725
1_cams,16.449,6.163,7.734
1_cams,17.925,6.162,7.733
1_cams,17.671,6.167,7.739
1_cams,18.671,6.166,7.737
1_cams,15.427,6.161,7.731
1_cams,15.315,6.161,7.731
1_cams,16.247,6.158,7.728
1_cams,15.636,6.156,7.726
1_cams,17.044,6.158,7.728
1_cams,18.42,6.157,7.727
1_cams,16.927,6.155,7.724
1_cams,18.2,6.155,7.724
1_cams,18.104,6.151,7.718
1_cams,17.967,6.15,7.718
1_cams,16.131,6.148,7.715
1_cams,14.114,6.148,7.715
1_cams,16.02,6.147,7.714
1_cams,16.374,6.148,7.715
1_cams,17.44,6.152,7.721
1_cams,17.68,6.152,7.72
1_cams,15.938,6.16,7.73
1_cams,15.869,6.16,7.73
1_cams,19.295,6.165,7.737
1_cams,18.319,6.163,7.734
1_cams,19.718,6.164,7.735
1_cams,14.869,6.164,7.734
1_cams,13.105,6.165,7.736
1_cams,12.96,6.164,7.736
1_cams,14.322,6.162,7.733
1_cams,12.04,6.162,7.732
1_cams,13.011,6.169,7.741
1_cams,13.501,6.168,7.74
1_cams,15.567,6.165,7.736
1_cams,17.487,6.164,7.736
1_cams,19.92,6.172,7.745
1_cams,17.313,6.172,7.745
1_cams,14.917,6.167,7.738
1_cams,16.6,6.159,7.729
1_cams,17.212,6.158,7.727
1_cams,18.021,6.164,7.735
1_cams,19.566,6.178,7.752
1_cams,20.302,6.194,7.772
1_cams,19.488,6.193,7.772
1_cams,22.043,6.19,7.768
1_cams,19.397,6.188,7.765
1_cams,15.694,6.188,7.765
1_cams,13.725,6.189,7.766
1_cams,15.686,6.193,7.772
1_cams,17.146,6.196,7.775
1_cams,13.962,6.202,7.783
1_cams,14.889,6.201,7.782
1_cams,17.018,6.206,7.787
1_cams,18.328,6.205,7.787
1_cams,16.793,6.203,7.784
1_cams,19.718,6.202,7.782
1_cams,23.29,6.201,7.781
1_cams,22.698,6.2,7.78
1_cams,17.839,6.201,7.782
1_cams,18.813,6.2,7.78
1_cams,18.964,6.205,7.787
2_cams,21.278,6.337,7.953
2_cams,20.846,6.327,7.94
2_cams,20.514,6.307,7.914
2_cams,30.816,6.31,7.918
2_cams,29.196,6.309,7.917
2_cams,30.646,6.312,7.921
2_cams,30.823,6.299,7.905
2_cams,31.473,6.306,7.913
2_cams,30.271,6.289,7.893
2_cams,30.426,6.313,7.923
2_cams,30.599,6.302,7.908
2_cams,30.684,6.303,7.91
2_cams,31.121,6.309,7.917
2_cams,31.106,6.318,7.928
2_cams,29.016,6.318,7.928
2_cams,27.442,6.314,7.923
2_cams,26.764,6.329,7.942
2_cams,26.395,6.314,7.923
2_cams,25.0,6.311,7.919
2_cams,25.779,6.31,7.918
2_cams,25.68,6.335,7.949
2_cams,24.748,6.328,7.941
2_cams,24.635,6.328,7.941
2_cams,24.686,6.316,7.926
2_cams,26.045,6.329,7.942
2_cams,26.284,6.319,7.929
2_cams,25.327,6.298,7.903
2_cams,24.711,6.341,7.958
2_cams,28.227,6.333,7.947
2_cams,28.557,6.334,7.949
2_cams,28.471,6.363,7.985
2_cams,23.893,6.366,7.989
2_cams,24.485,6.326,7.938
2_cams,23.896,6.312,7.921
2_cams,25.755,6.315,7.924
2_cams,23.829,6.302,7.908
2_cams,19.387,6.297,7.902
2_cams,21.079,6.312,7.92
2_cams,22.122,6.325,7.938
2_cams,20.674,6.337,7.952
2_cams,22.636,6.353,7.973
2_cams,23.375,6.342,7.958
2_cams,23.618,6.303,7.91
2_cams,22.496,6.322,7.933
2_cams,22.015,6.337,7.952
2_cams,22.798,6.339,7.955
2_cams,25.365,6.325,7.937
2_cams,26.583,6.336,7.951
2_cams,26.981,6.339,7.955
2_cams,25.214,6.322,7.933
2_cams,20.332,6.31,7.918
2_cams,22.306,6.324,7.936
2_cams,21.921,6.305,7.912
2_cams,23.305,6.325,7.937
2_cams,27.337,6.29,7.893
2_cams,27.474,6.307,7.914
2_cams,29.97,6.317,7.927
2_cams,32.965,6.353,7.973
2_cams,30.111,6.368,7.991
2_cams,28.6,6.351,7.969
2_cams,27.875,6.351,7.969
2_cams,27.291,6.344,7.961
2_cams,24.811,6.341,7.957
2_cams,23.529,6.354,7.974
2_cams,18.589,6.37,7.994
2_cams,19.055,6.343,7.96
2_cams,19.798,6.321,7.933
2_cams,21.026,6.32,7.931
2_cams,20.332,6.306,7.913
2_cams,21.881,6.302,7.908
2_cams,21.814,6.329,7.943
2_cams,21.511,6.342,7.958
2_cams,20.563,6.346,7.963
2_cams,19.576,6.323,7.935
2_cams,19.426,6.32,7.931
2_cams,20.584,6.313,7.923
2_cams,20.523,6.334,7.949
2_cams,19.637,6.326,7.938
2_cams,19.237,6.377,8.002
2_cams,20.573,6.366,7.989
2_cams,20.695,6.346,7.964
2_cams,22.748,6.335,7.95
2_cams,20.281,6.339,7.955
2_cams,19.689,6.345,7.962
2_cams,21.483,6.367,7.989
2_cams,22.122,6.334,7.949
2_cams,23.1,6.339,7.955
2_cams,21.792,6.342,7.959
2_cams,20.785,6.326,7.938
2_cams,21.702,6.319,7.929
2_cams,20.221,6.339,7.954
2_cams,21.892,6.319,7.929
2_cams,24.824,6.31,7.918
2_cams,21.702,6.315,7.924
2_cams,19.608,6.313,7.922
2_cams,21.281,6.296,7.901
2_cams,22.312,6.299,7.905
2_cams,22.636,6.315,7.925
2_cams,26.994,6.327,7.94
2_cams,30.186,6.341,7.957
2_cams,25.706,6.352,7.971
2_cams,27.167,6.348,7.966
2_cams,30.367,6.459,8.105
2_cams,32.243,6.454,8.099
2_cams,31.059,6.442,8.085
2_cams,30.297,6.466,8.114
2_cams,28.837,6.469,8.118
2_cams,28.909,6.454,8.099
2_cams,25.276,6.466,8.114
2_cams,23.944,6.469,8.118
2_cams,22.624,6.437,8.077
2_cams,24.459,6.425,8.063
2_cams,23.944,6.443,8.085
2_cams,22.446,6.429,8.068
2_cams,21.597,6.427,8.065
2_cams,25.816,6.442,8.084
2_cams,21.982,6.43,8.069
2_cams,22.317,6.417,8.053
2_cams,21.569,6.436,8.076
2_cams,22.636,6.44,8.081
2_cams,22.652,6.467,8.115
2_cams,21.82,6.464,8.112
2_cams,23.116,6.456,8.101
2_cams,24.384,6.462,8.109
2_cams,21.886,6.504,8.162
2_cams,21.921,6.709,8.419
2_cams,23.061,6.546,8.214
2_cams,18.086,6.545,8.214
2_cams,18.794,6.525,8.188
2_cams,19.155,6.53,8.195
2_cams,20.05,6.531,8.195
2_cams,20.994,6.529,8.193
2_cams,21.702,6.517,8.178
2_cams,21.087,6.519,8.181
2_cams,19.92,6.526,8.189
2_cams,19.869,6.538,8.205
2_cams,19.97,6.529,8.193
2_cams,21.461,6.539,8.206
2_cams,19.728,6.533,8.198
2_cams,20.242,6.493,8.148
2_cams,21.156,6.513,8.173
2_cams,21.691,6.508,8.167
2_cams,22.2,6.511,8.17
2_cams,23.5,6.52,8.181
2_cams,20.573,6.5,8.156
2_cams,20.504,6.492,8.146
2_cams,20.957,6.471,8.12
2_cams,21.227,6.481,8.133
2_cams,21.209,6.48,8.132
2_cams,20.846,6.463,8.111
2_cams,19.316,6.474,8.124
2_cams,19.227,6.487,8.14
2_cams,20.292,6.488,8.141
2_cams,20.905,6.474,8.124
2_cams,21.547,6.462,8.109
2_cams,21.853,6.462,8.109
2_cams,23.05,6.461,8.108
2_cams,21.393,6.443,8.086
2_cams,20.704,6.458,8.104
2_cams,20.483,6.485,8.137
2_cams,22.771,6.474,8.124
2_cams,21.54,6.489,8.142
2_cams,21.776,6.482,8.134
2_cams,22.396,6.47,8.119
2_cams,22.887,6.484,8.137
2_cams,20.545,6.498,8.154
2_cams,24.975,6.5,8.157
2_cams,25.943,6.494,8.149
2_cams,24.472,6.493,8.148
2_cams,20.342,6.527,8.19
2_cams,18.401,6.523,8.186
2_cams,19.567,6.515,8.175
2_cams,26.811,6.501,8.158
2_cams,25.879,6.49,8.144
2_cams,25.529,6.481,8.132
2_cams,28.026,6.515,8.176
2_cams,27.73,6.494,8.15
2_cams,22.586,6.477,8.128
2_cams,23.112,6.467,8.116
2_cams,22.496,6.483,8.135
2_cams,22.071,6.495,8.151
2_cams,22.026,6.496,8.152
2_cams,21.217,6.499,8.155
2_cams,20.714,6.506,8.165
2_cams,19.759,6.481,8.133
2_cams,21.982,6.468,8.117
2_cams,23.038,6.495,8.15
2_cams,21.781,6.48,8.132
2_cams,21.368,6.461,8.108
2_cams,24.598,6.451,8.096
2_cams,23.68,6.455,8.101
2_cams,24.862,6.468,8.117
2_cams,27.482,6.468,8.117
2_cams,24.61,6.494,8.149
2_cams,20.221,6.51,8.169
2_cams,21.357,6.486,8.139
2_cams,20.693,6.482,8.134
2_cams,22.736,6.475,8.126
2_cams,22.732,6.445,8.088
2_cams,21.156,6.46,8.107
2_cams,21.429,6.461,8.108
2_cams,19.457,6.482,8.134
2_cams,17.985,6.477,8.128
2_cams,23.275,6.468,8.116
2_cams,22.306,6.467,8.116
2_cams,23.263,6.462,8.11
2_cams,22.659,6.478,8.13
2_cams,23.355,6.479,8.13
2_cams,20.817,6.49,8.144
2_cams,23.577,6.489,8.142
2_cams,18.433,6.483,8.136
2_cams,19.395,6.47,8.12
2_cams,21.536,6.479,8.13
2_cams,23.104,6.484,8.136
2_cams,20.605,6.469,8.118
2_cams,22.205,6.449,8.092
2_cams,21.809,6.436,8.077
2_cams,21.853,6.422,8.059
2_cams,20.724,6.456,8.101
2_cams,22.518,6.471,8.121
2_cams,21.691,6.453,8.097
2_cams,22.547,6.462,8.109
2_cams,27.839,6.458,8.104
2_cams,28.327,6.468,8.117
2_cams,27.683,6.471,8.12
2_cams,26.03,6.449,8.092
2_cams,26.03,6.471,8.12
2_cams,27.149,6.458,8.104
2_cams,25.264,6.477,8.128
2_cams,24.724,6.475,8.125
2_cams,20.955,6.484,8.136
2_cams,24.247,6.482,8.134
2_cams,26.482,6.477,8.128
2_cams,23.526,6.467,8.116
2_cams,21.357,6.47,8.119
2_cams,20.976,6.467,8.116
2_cams,20.573,6.485,8.137
2_cams,22.608,6.498,8.155
2_cams,23.592,6.49,8.145
2_cams,24.008,6.492,8.147
2_cams,21.781,6.495,8.151
2_cams,23.402,6.485,8.138
2_cams,22.613,6.47,8.119
2_cams,22.339,6.49,8.145
2_cams,20.05,6.485,8.138
2_cams,20.915,6.482,8.134
2_cams,22.915,6.484,8.137
2_cams,23.742,6.481,8.134
2_cams,23.819,6.462,8.109
2_cams,23.577,6.475,8.125
2_cams,24.812,6.485,8.137
2_cams,24.711,6.498,8.154
2_cams,25.415,6.508,8.167
2_cams,25.628,6.496,8.152
2_cams,23.224,6.495,8.15
2_cams,20.392,6.479,8.131
2_cams,23.565,6.482,8.134
2_cams,23.085,6.469,8.118
2_cams,23.212,6.474,8.124
2_cams,23.819,6.474,8.124
2_cams,21.594,6.474,8.125
2_cams,25.34,6.463,8.11
2_cams,25.277,6.459,8.106
2_cams,26.118,6.446,8.089
2_cams,25.201,6.471,8.12
2_cams,18.558,6.474,8.124
2_cams,19.447,6.48,8.131
2_cams,18.759,6.482,8.134
2_cams,21.22,6.474,8.125
2_cams,19.124,6.468,8.116
2_cams,18.69,6.477,8.128
2_cams,18.712,6.471,8.12
2_cams,22.44,6.479,8.131
2_cams,24.962,6.468,8.116
2_cams,25.615,6.472,8.122
2_cams,22.329,6.464,8.112
2_cams,20.464,6.471,8.121
2_cams,25.264,6.466,8.114
2_cams,22.787,6.493,8.148
2_cams,20.493,6.512,8.172
2_cams,27.579,6.521,8.182
2_cams,26.647,6.567,8.241
2_cams,27.392,6.575,8.25
2_cams,27.428,6.589,8.268
2_cams,27.008,6.585,8.263
2_cams,21.573,6.566,8.24
2_cams,20.372,6.565,8.239
2_cams,24.409,6.558,8.229
2_cams,22.608,6.558,8.23
2_cams,19.97,6.563,8.235
2_cams,22.194,6.577,8.253
2_cams,21.971,6.576,8.252
2_cams,24.157,6.577,8.254
2_cams,24.497,6.553,8.223
2_cams,29.133,6.552,8.222
2_cams,30.302,6.582,8.26
2_cams,28.119,6.587,8.266
2_cams,25.553,6.573,8.248
2_cams,25.339,6.597,8.279
2_cams,26.801,6.57,8.244
3_cams,29.332,6.615,8.301
3_cams,27.789,6.604,8.287
3_cams,26.677,6.602,8.285
3_cams,35.952,6.618,8.305
3_cams,40.06,6.623,8.312
3_cams,41.307,6.603,8.286
3_cams,40.362,6.614,8.299
3_cams,43.194,6.622,8.31
3_cams,40.371,6.62,8.307
3_cams,40.352,6.654,8.349
3_cams,39.074,6.663,8.361
3_cams,41.395,6.646,8.34
3_cams,40.713,6.646,8.339
3_cams,41.135,6.62,8.307
3_cams,40.503,6.612,8.297
3_cams,38.855,6.614,8.3
3_cams,36.432,6.59,8.269
3_cams,34.32,6.611,8.296
3_cams,34.491,6.626,8.315
3_cams,35.412,6.626,8.314
3_cams,35.578,6.637,8.329
3_cams,34.102,6.635,8.326
3_cams,33.685,6.609,8.294
3_cams,32.814,6.603,8.286
3_cams,34.054,6.577,8.253
3_cams,35.901,6.59,8.27
3_cams,35.075,6.584,8.262
3_cams,32.208,6.595,8.276
3_cams,35.291,6.603,8.285
3_cams,38.303,6.616,8.302
3_cams,38.411,6.616,8.302
3_cams,33.786,6.636,8.327
3_cams,32.866,6.621,8.308
3_cams,32.563,6.636,8.328
3_cams,32.648,6.614,8.299
3_cams,34.741,6.619,8.306
3_cams,27.666,6.612,8.297
3_cams,25.151,6.608,8.292
3_cams,28.378,6.617,8.303
3_cams,27.543,6.647,8.341
3_cams,28.147,6.612,8.297
3_cams,31.743,6.6,8.283
3_cams,31.574,6.623,8.311
3_cams,32.111,6.631,8.321
3_cams,28.773,6.608,8.293
3_cams,30.43,6.605,8.288
3_cams,33.384,6.573,8.249
3_cams,35.395,6.618,8.304
3_cams,35.075,6.618,8.305
3_cams,33.936,6.625,8.314
3_cams,27.909,6.642,8.335
3_cams,28.88,6.646,8.339
3_cams,29.598,6.635,8.327
3_cams,28.636,6.616,8.303
3_cams,35.344,6.641,8.333
3_cams,35.524,6.63,8.32
3_cams,38.624,6.647,8.341
3_cams,39.648,6.648,8.342
3_cams,41.897,6.648,8.343
3_cams,40.01,6.62,8.308
3_cams,37.255,6.596,8.277
3_cams,35.966,6.599,8.281
3_cams,34.458,6.634,8.325
3_cams,31.256,6.652,8.348
3_cams,26.875,6.665,8.364
3_cams,25.68,6.65,8.345
3_cams,26.884,6.675,8.376
3_cams,26.469,6.64,8.332
3_cams,26.295,6.6,8.282
3_cams,27.683,6.611,8.296
3_cams,30.196,6.633,8.323
3_cams,28.945,6.596,8.277
3_cams,26.284,6.602,8.284
3_cams,25.73,6.616,8.302
3_cams,26.472,6.599,8.282
3_cams,27.739,6.607,8.291
3_cams,26.952,6.62,8.307
3_cams,26.192,6.588,8.267
3_cams,25.402,6.589,8.268
3_cams,25.644,6.598,8.279
3_cams,28.054,6.611,8.296
3_cams,29.031,6.639,8.331
3_cams,29.303,6.625,8.314
3_cams,25.013,6.645,8.338
3_cams,29.335,6.611,8.296
3_cams,29.441,6.59,8.27
3_cams,29.361,6.623,8.312
3_cams,28.78,6.626,8.315
3_cams,29.613,6.635,8.326
3_cams,28.327,6.657,8.354
3_cams,29.708,6.629,8.319
3_cams,29.945,6.637,8.328
3_cams,32.263,6.647,8.341
3_cams,31.3,6.644,8.337
3_cams,28.004,6.625,8.314
3_cams,29.587,6.636,8.327
3_cams,32.58,6.621,8.309
3_cams,30.889,6.622,8.31
3_cams,35.775,6.603,8.286
3_cams,38.442,6.609,8.293
3_cams,37.261,6.639,8.331
3_cams,32.965,6.603,8.286
3_cams,30.292,6.601,8.284
3_cams,31.724,6.639,8.332
3_cams,30.905,6.608,8.292
3_cams,29.904,6.631,8.321
3_cams,30.437,6.629,8.318
3_cams,30.723,6.622,8.309
3_cams,29.391,6.659,8.356
3_cams,28.012,6.663,8.362
3_cams,28.111,6.679,8.382
3_cams,29.548,6.662,8.36
3_cams,29.305,6.658,8.355
3_cams,30.03,6.621,8.309
3_cams,30.669,6.635,8.326
3_cams,31.558,6.623,8.311
3_cams,30.382,6.64,8.332
3_cams,30.306,6.626,8.315
3_cams,30.603,6.628,8.318
3_cams,31.36,6.616,8.302
3_cams,31.206,6.631,8.321
3_cams,29.93,6.63,8.32
3_cams,30.533,6.637,8.328
3_cams,33.014,6.655,8.351
3_cams,29.116,6.619,8.305
3_cams,29.002,6.591,8.271
3_cams,28.471,6.62,8.307
3_cams,26.041,6.608,8.292
3_cams,24.724,6.615,8.302
3_cams,27.291,6.626,8.315
3_cams,26.194,6.616,8.302
3_cams,28.054,6.627,8.316
3_cams,29.031,6.617,8.303
3_cams,32.127,6.634,8.325
3_cams,28.924,6.614,8.3
3_cams,28.492,6.627,8.316
3_cams,27.94,6.64,8.332
3_cams,25.378,6.622,8.31
3_cams,26.056,6.638,8.33
3_cams,25.339,6.648,8.343
3_cams,29.06,6.618,8.305
3_cams,29.814,6.654,8.35
3_cams,29.905,6.675,8.376
3_cams,30.804,6.649,8.343
3_cams,29.305,6.631,8.321
3_cams,29.587,6.646,8.34
3_cams,28.212,6.683,8.386
3_cams,28.457,6.662,8.36
3_cams,29.039,6.648,8.343
3_cams,29.678,6.646,8.34
3_cams,27.722,6.589,8.269
3_cams,24.686,6.624,8.312
3_cams,25.515,6.598,8.28
3_cams,28.054,6.584,8.262
3_cams,30.11,6.58,8.257
3_cams,29.488,6.607,8.291
3_cams,32.646,6.622,8.31
3_cams,30.97,6.645,8.339
3_cams,29.024,6.62,8.308
3_cams,28.363,6.597,8.278
3_cams,30.754,6.596,8.277
3_cams,30.221,6.627,8.316
3_cams,30.63,6.599,8.281
3_cams,29.834,6.605,8.288
3_cams,31.64,6.586,8.265
3_cams,27.661,6.596,8.277
3_cams,30.816,6.629,8.319
3_cams,35.596,6.622,8.309
3_cams,34.251,6.623,8.311
3_cams,29.129,6.613,8.299
3_cams,25.429,6.624,8.312
3_cams,25.503,6.623,8.311
3_cams,33.535,6.615,8.301
3_cams,35.309,6.6,8.282
3_cams,34.22,6.625,8.314
3_cams,35.779,6.617,8.304
3_cams,38.411,6.642,8.335
3_cams,30.742,6.629,8.319
3_cams,30.0,6.633,8.324
3_cams,29.879,6.643,8.336
3_cams,30.327,6.633,8.323
3_cams,30.175,6.642,8.335
3_cams,29.468,6.625,8.314
3_cams,28.349,6.605,8.289
3_cams,29.899,6.635,8.326
3_cams,28.384,6.641,8.333
3_cams,31.106,6.622,8.31
3_cams,29.509,6.592,8.272
3_cams,29.915,6.588,8.267
3_cams,32.326,6.603,8.286
3_cams,33.635,6.606,8.29
3_cams,33.4,6.606,8.289
3_cams,36.295,6.624,8.313
3_cams,36.533,6.641,8.334
3_cams,30.487,6.634,8.325
3_cams,28.93,6.629,8.319
3_cams,29.131,6.635,8.326
3_cams,29.769,6.61,8.295
3_cams,31.059,6.608,8.292
3_cams,29.167,6.576,8.252
3_cams,29.518,6.596,8.278
3_cams,27.382,6.612,8.297
3_cams,24.836,6.608,8.292
3_cams,29.925,6.623,8.311
3_cams,29.29,6.646,8.34
3_cams,31.04,6.636,8.327
3_cams,31.658,6.657,8.354
3_cams,32.008,6.647,8.341
3_cams,30.522,6.638,8.33
3_cams,32.446,6.62,8.307
3_cams,27.861,6.583,8.261
3_cams,25.641,6.592,8.272
3_cams,28.514,6.594,8.275
3_cams,30.08,6.603,8.286
3_cams,29.553,6.639,8.331
3_cams,30.684,6.646,8.34
3_cams,29.583,6.633,8.323
3_cams,29.794,6.654,8.35
3_cams,28.786,6.63,8.319
3_cams,29.474,6.624,8.313
3_cams,30.452,6.613,8.299
3_cams,27.711,6.619,8.306
3_cams,38.311,6.651,8.346
3_cams,37.588,6.647,8.341
3_cams,39.529,6.649,8.343
3_cams,36.455,6.623,8.311
3_cams,36.565,6.621,8.309
3_cams,36.309,6.611,8.297
3_cams,34.94,6.629,8.318
3_cams,33.803,6.626,8.315
3_cams,31.241,6.607,8.292
3_cams,31.962,6.618,8.305
3_cams,35.575,6.615,8.301
3_cams,33.953,6.637,8.329
3_cams,29.925,6.643,8.336
3_cams,27.543,6.646,8.34
3_cams,26.043,6.636,8.327
3_cams,31.156,6.659,8.356
3_cams,32.179,6.622,8.309
3_cams,33.92,6.657,8.354
3_cams,30.396,6.644,8.338
3_cams,31.727,6.646,8.34
3_cams,31.14,6.635,8.326
3_cams,31.624,6.616,8.302
3_cams,27.859,6.636,8.327
3_cams,29.031,6.641,8.333
3_cams,30.055,6.647,8.341
3_cams,31.608,6.648,8.342
3_cams,31.109,6.659,8.356
3_cams,32.646,6.647,8.341
3_cams,33.4,6.653,8.348
3_cams,34.07,6.672,8.373
3_cams,33.434,6.663,8.362
3_cams,32.614,6.658,8.355
3_cams,31.823,6.662,8.36
3_cams,29.003,6.657,8.354
3_cams,29.284,6.643,8.337
3_cams,30.522,6.631,8.321
3_cams,31.974,6.645,8.339
3_cams,31.984,6.655,8.351
3_cams,31.036,6.638,8.33
3_cams,30.916,6.639,8.331
3_cams,34.623,6.664,8.363
3_cams,35.847,6.648,8.343
3_cams,34.606,6.666,8.365
3_cams,26.583,6.639,8.331
3_cams,24.837,6.642,8.335
3_cams,24.837,6.65,8.345
3_cams,26.7,6.654,8.35
3_cams,27.104,6.616,8.302
3_cams,25.766,6.624,8.312
3_cams,24.436,6.638,8.329
3_cams,30.618,6.649,8.344
3_cams,33.166,6.646,8.34
3_cams,33.886,6.625,8.314
3_cams,31.658,6.634,8.325
3_cams,27.2,6.627,8.317
3_cams,32.191,6.636,8.327
3_cams,31.209,6.62,8.307
3_cams,26.717,6.628,8.318
3_cams,33.651,6.623,8.311
3_cams,36.998,6.664,8.363
3_cams,36.948,6.713,8.425
3_cams,39.048,6.713,8.424
3_cams,38.071,6.725,8.439
3_cams,30.816,6.748,8.467
3_cams,27.309,6.725,8.439
3_cams,30.371,6.764,8.488
3_cams,30.851,6.767,8.491
3_cams,26.851,6.742,8.46
3_cams,27.47,6.756,8.478
3_cams,30.622,6.769,8.494
3_cams,32.514,6.75,8.47
3_cams,33.283,6.718,8.431
3_cams,37.896,6.696,8.402
3_cams,41.746,6.773,8.499
3_cams,41.268,6.734,8.45
3_cams,34.17,6.744,8.463
3_cams,33.869,6.735,8.451
3_cams,35.439,6.751,8.472
4_cams,35.948,6.779,8.506
4_cams,32.982,6.759,8.482
4_cams,31.463,6.75,8.471
4_cams,51.178,6.768,8.493
4_cams,53.213,6.755,8.477
4_cams,53.731,7.289,9.147
4_cams,56.369,6.955,8.727
4_cams,54.395,6.951,8.723
4_cams,52.41,6.934,8.702
4_cams,51.506,6.924,8.689
4_cams,51.378,6.891,8.647
4_cams,53.012,6.876,8.628
4_cams,51.882,6.891,8.647
4_cams,52.761,6.863,8.612
4_cams,50.627,6.881,8.635
4_cams,47.316,6.891,8.647
4_cams,43.631,6.875,8.627
4_cams,41.671,6.883,8.638
4_cams,44.127,6.839,8.583
4_cams,44.016,6.841,8.584
4_cams,42.607,6.88,8.634
4_cams,42.477,6.838,8.581
4_cams,43.186,6.832,8.574
4_cams,40.946,6.841,8.584
4_cams,43.072,6.822,8.561
4_cams,44.456,6.841,8.584
4_cams,42.671,6.826,8.566
4_cams,40.16,6.819,8.557
4_cams,46.617,6.808,8.544
4_cams,48.4,6.823,8.562
4_cams,46.817,6.841,8.585
4_cams,41.575,6.846,8.591
4_cams,40.804,6.833,8.574
4_cams,41.25,6.856,8.603
4_cams,41.592,6.876,8.629
4_cams,42.161,6.873,8.625
4_cams,30.572,6.889,8.644
4_cams,33.217,6.858,8.606
4_cams,36.419,6.837,8.579
4_cams,34.822,6.817,8.554
4_cams,36.61,6.836,8.579
4_cams,39.83,6.805,8.539
4_cams,38.272,6.811,8.547
4_cams,39.268,6.85,8.596
4_cams,35.273,6.83,8.571
4_cams,37.789,6.839,8.582
4_cams,41.817,6.846,8.591
4_cams,44.06,6.841,8.585
4_cams,46.131,6.863,8.612
4_cams,39.65,6.831,8.571
4_cams,34.152,6.838,8.581
4_cams,35.06,6.867,8.618
4_cams,35.442,6.829,8.57
4_cams,37.569,6.84,8.584
4_cams,46.362,6.839,8.582
4_cams,44.857,6.84,8.584
4_cams,49.499,6.848,8.593
4_cams,52.46,6.835,8.577
4_cams,55.055,6.833,8.575
4_cams,49.573,6.862,8.611
4_cams,47.118,6.855,8.602
4_cams,45.4,6.89,8.646
4_cams,42.535,6.864,8.613
4_cams,38.241,6.854,8.6
4_cams,30.518,6.848,8.594
4_cams,31.69,6.867,8.617
4_cams,33.718,6.849,8.595
4_cams,34.554,6.822,8.561
4_cams,33.216,6.844,8.588
4_cams,34.925,6.818,8.555
4_cams,36.702,6.821,8.559
4_cams,35.897,6.839,8.582
4_cams,33.601,6.838,8.581
4_cams,32.849,6.843,8.587
4_cams,32.983,6.868,8.618
4_cams,34.336,6.864,8.614
4_cams,34.403,6.849,8.595
4_cams,32.814,6.86,8.609
4_cams,32.715,6.862,8.611
4_cams,33.3,6.869,8.62
4_cams,34.403,6.874,8.626
4_cams,36.227,6.868,8.618
4_cams,34.94,6.85,8.596
4_cams,32.112,6.852,8.599
4_cams,36.774,6.841,8.585
4_cams,37.224,6.857,8.604
4_cams,35.99,6.835,8.578
4_cams,35.948,6.834,8.576
4_cams,36.578,6.835,8.577
4_cams,35.435,6.856,8.603
4_cams,35.793,6.879,8.633
4_cams,38.435,6.869,8.619
4_cams,40.471,6.878,8.631
4_cams,37.173,6.865,8.615
4_cams,33.969,6.854,8.601
4_cams,35.807,6.842,8.586
4_cams,39.91,6.84,8.584
4_cams,38.778,6.829,8.57
4_cams,46.111,6.854,8.601
4_cams,48.999,6.82,8.558
4_cams,44.584,6.83,8.571
4_cams,39.006,6.885,8.64
4_cams,37.838,6.876,8.628
4_cams,39.056,6.9,8.658
4_cams,40.652,6.867,8.618
4_cams,37.494,6.87,8.621
4_cams,39.649,6.854,8.601
4_cams,39.619,6.843,8.588
4_cams,36.505,6.848,8.593
4_cams,33.701,6.857,8.604
4_cams,36.423,6.849,8.594
4_cams,36.432,6.846,8.591
4_cams,36.56,6.842,8.585
4_cams,36.044,6.86,8.609
4_cams,38.523,6.848,8.594
4_cams,38.257,6.857,8.605
4_cams,37.475,6.842,8.586
4_cams,36.409,6.853,8.6
4_cams,39.298,6.835,8.577
4_cams,37.481,6.814,8.55
4_cams,37.827,6.849,8.594
4_cams,37.5,6.848,8.593
4_cams,40.311,6.854,8.601
4_cams,39.628,6.838,8.581
4_cams,35.657,6.897,8.655
4_cams,34.972,6.887,8.643
4_cams,34.992,6.906,8.666
4_cams,32.347,6.91,8.671
4_cams,31.642,6.888,8.644
4_cams,31.976,6.88,8.633
4_cams,33.634,6.887,8.643
4_cams,36.022,6.852,8.599
4_cams,37.94,6.854,8.601
4_cams,37.757,6.86,8.609
4_cams,35.93,6.852,8.598
4_cams,34.952,6.852,8.598
4_cams,33.618,6.881,8.635
4_cams,30.599,6.898,8.656
4_cams,33.818,6.902,8.662
4_cams,34.27,6.882,8.637
4_cams,37.111,6.897,8.654
4_cams,36.546,6.893,8.65
4_cams,37.18,6.888,8.644
4_cams,39.165,6.861,8.61
4_cams,36.364,6.885,8.64
4_cams,33.952,6.889,8.645
4_cams,36.533,6.873,8.625
4_cams,36.419,6.894,8.651
4_cams,35.732,6.869,8.619
4_cams,36.373,6.861,8.61
4_cams,33.25,6.873,8.625
4_cams,31.46,6.873,8.624
4_cams,34.623,6.863,8.612
4_cams,36.377,6.864,8.614
4_cams,36.441,6.856,8.603
4_cams,38.272,6.842,8.586
4_cams,39.899,6.846,8.591
4_cams,37.976,6.877,8.629
4_cams,36.409,6.874,8.625
4_cams,36.227,6.875,8.627
4_cams,39.259,6.883,8.637
4_cams,38.825,6.913,8.675
4_cams,41.286,6.919,8.683
4_cams,38.365,6.913,8.676
4_cams,38.886,6.924,8.689
4_cams,37.481,6.926,8.692
4_cams,50.853,6.984,8.765
4_cams,53.287,6.953,8.725
4_cams,46.049,6.953,8.725
4_cams,37.117,6.977,8.755
4_cams,35.815,6.96,8.734
4_cams,38.16,6.98,8.759
4_cams,50.928,6.997,8.78
4_cams,49.17,6.992,8.775
4_cams,49.398,6.971,8.748
4_cams,55.751,6.95,8.722
4_cams,51.509,6.944,8.714
4_cams,40.743,6.943,8.713
4_cams,41.499,6.938,8.707
4_cams,40.351,6.942,8.711
4_cams,40.724,6.926,8.691
4_cams,40.694,6.93,8.697
4_cams,39.009,6.923,8.687
4_cams,39.508,6.916,8.679
4_cams,38.624,6.94,8.709
4_cams,39.395,6.918,8.681
4_cams,41.817,6.915,8.677
4_cams,40.572,6.935,8.703
4_cams,40.784,6.939,8.708
4_cams,44.612,6.949,8.721
4_cams,45.349,6.941,8.71
4_cams,46.707,6.945,8.715
4_cams,49.245,6.961,8.735
4_cams,46.861,6.969,8.745
4_cams,38.581,6.968,8.744
4_cams,38.38,6.968,8.744
4_cams,40.232,6.948,8.719
4_cams,42.555,6.922,8.686
4_cams,41.717,6.935,8.702
4_cams,43.137,6.939,8.708
4_cams,42.362,6.935,8.703
4_cams,35.664,6.931,8.698
4_cams,37.223,6.928,8.694
4_cams,40.815,6.924,8.689
4_cams,40.462,6.913,8.676
4_cams,43.202,6.91,8.672
4_cams,45.281,6.914,8.677
4_cams,43.273,6.913,8.675
4_cams,39.135,6.927,8.692
4_cams,41.298,6.927,8.693
4_cams,37.645,6.915,8.677
4_cams,36.245,6.933,8.701
4_cams,40.854,6.93,8.696
4_cams,41.545,6.955,8.728
4_cams,40.503,6.974,8.752
4_cams,41.558,6.971,8.748
4_cams,38.473,6.968,8.744
4_cams,37.921,6.958,8.732
4_cams,40.201,6.947,8.717
4_cams,43.308,6.94,8.709
4_cams,43.332,6.948,8.719
4_cams,39.789,6.941,8.71
4_cams,52.915,6.956,8.729
4_cams,50.502,6.94,8.709
4_cams,50.452,6.941,8.71
4_cams,52.086,6.942,8.712
4_cams,49.523,6.947,8.717
4_cams,50.907,6.943,8.712
4_cams,47.015,6.957,8.73
4_cams,46.011,6.95,8.721
4_cams,41.478,6.938,8.706
4_cams,44.344,6.943,8.712
4_cams,43.64,6.951,8.723
4_cams,41.428,6.923,8.687
4_cams,35.75,6.938,8.706
4_cams,34.322,6.942,8.711
4_cams,38.485,6.918,8.681
4_cams,38.794,6.931,8.697
4_cams,42.026,6.957,8.73
4_cams,40.501,6.954,8.727
4_cams,38.198,6.929,8.696
4_cams,40.713,6.941,8.71
4_cams,41.78,6.965,8.74
4_cams,39.336,6.954,8.727
4_cams,35.797,6.941,8.71
4_cams,34.822,6.948,8.719
4_cams,39.146,6.95,8.721
4_cams,39.447,6.963,8.737
4_cams,41.717,6.961,8.735
4_cams,39.809,6.962,8.736
4_cams,42.907,6.954,8.726
4_cams,42.499,6.956,8.728
4_cams,43.594,6.948,8.719
4_cams,39.768,6.95,8.722
4_cams,39.648,6.97,8.746
4_cams,35.273,6.97,8.746
4_cams,38.122,6.979,8.758
4_cams,38.543,6.97,8.747
4_cams,40.381,6.955,8.728
4_cams,39.456,6.98,8.76
4_cams,36.633,6.966,8.741
4_cams,41.244,7.013,8.8
4_cams,44.244,6.986,8.767
4_cams,43.474,6.958,8.732
4_cams,40.08,6.956,8.729
4_cams,32.048,6.955,8.728
4_cams,30.955,6.936,8.704
4_cams,30.905,6.944,8.714
4_cams,35.288,6.954,8.727
4_cams,31.106,6.956,8.729
4_cams,31.047,6.946,8.717
4_cams,31.489,6.959,8.733
4_cams,39.698,6.969,8.746
4_cams,43.48,6.954,8.726
4_cams,43.847,6.961,8.735
4_cams,38.585,6.956,8.728
4_cams,33.936,6.942,8.711
4_cams,41.026,6.949,8.72
4_cams,39.659,6.947,8.717
4_cams,31.656,6.935,8.702
4_cams,46.2,6.98,8.759
4_cams,47.765,7.023,8.813
4_cams,48.87,7.045,8.841
4_cams,49.774,7.07,8.872
4_cams,45.166,7.066,8.867
4_cams,34.474,7.077,8.881
4_cams,36.332,7.091,8.898
4_cams,41.88,7.085,8.89
4_cams,39.305,7.087,8.893
4_cams,33.601,7.087,8.894
4_cams,38.914,7.077,8.881
4_cams,40.343,7.061,8.861
4_cams,41.587,7.069,8.871
4_cams,42.42,7.07,8.872
4_cams,51.254,7.053,8.85
4_cams,53.877,7.07,8.872
4_cams,50.83,7.06,8.86
4_cams,41.612,7.063,8.863
4_cams,42.828,7.054,8.852
4_cams,46.386,7.06,8.859
