timestamp,elapsed_s,cpu_pct,ram_pct,ram_available_mb,n_cameras_active,cam1,cam2,cam3,cam4,composite
2026-07-25 19:29:54,0,0.0,0.0,0,0,0,0,0,0,unknown
2026-07-25 19:29:58,4,0.0,0.0,0,0,0,0,0,0,unknown
2026-07-25 19:29:58,4,0.0,0.0,0,0,0,0,0,0,unknown
2026-07-25 19:29:58,4,0.0,0.0,0,0,0,0,0,0,full_screen
2026-07-25 19:29:58,4,0.0,0.0,0,0,0,0,0,0,full_screen
2026-07-25 19:29:58,4,0.0,0.0,0,0,0,0,0,0,full_screen
2026-07-25 19:29:59,5,36.5,6.1,120650,0,0,0,0,0,full_screen
2026-07-25 19:30:04,10,32.3,6.2,120558,0,0,0,0,0,full_screen
2026-07-25 19:30:05,11,32.3,6.2,120558,1,1,0,0,0,full_screen
2026-07-25 19:30:09,15,40.4,6.7,119892,1,1,0,0,0,full_screen
2026-07-25 19:30:14,20,40.8,6.6,119976,1,1,0,0,0,full_screen
2026-07-25 19:30:19,25,44.9,6.7,119874,1,1,0,0,0,full_screen
2026-07-25 19:30:24,30,42.9,6.7,119918,1,1,0,0,0,full_screen
2026-07-25 19:30:29,35,42.3,6.7,119878,1,1,0,0,0,full_screen
2026-07-25 19:30:34,40,40.1,6.7,119862,1,1,0,0,0,full_screen
2026-07-25 19:30:36,42,40.1,6.7,119862,1,1,0,0,0,full_screen
2026-07-25 19:30:37,43,40.1,6.7,119862,1,1,0,0,0,full_screen
2026-07-25 19:30:39,45,46.2,6.7,119835,1,1,0,0,0,full_screen
2026-07-25 19:30:44,50,40.4,6.7,119885,1,1,0,0,0,full_screen
2026-07-25 19:30:49,55,41.3,6.7,119904,1,1,0,0,0,full_screen
2026-07-25 19:30:54,60,39.2,6.8,119818,1,1,0,0,0,full_screen
2026-07-25 19:30:57,63,39.2,6.8,119818,1,1,0,0,0,full_screen
2026-07-25 19:30:58,64,39.2,6.8,119818,1,1,0,0,0,full_screen
2026-07-25 19:30:59,65,44.8,6.8,119818,1,1,0,0,0,full_screen
2026-07-25 19:31:04,70,41.8,6.8,119825,1,1,0,0,0,full_screen
2026-07-25 19:31:09,75,41.0,6.8,119753,1,1,0,0,0,full_screen
2026-07-25 19:31:14,80,40.8,6.8,119795,1,1,0,0,0,full_screen
2026-07-25 19:31:19,85,40.8,6.8,119795,1,1,0,0,0,full_screen
2026-07-25 19:31:19,85,40.8,6.6,119957,1,1,0,0,0,full_screen
2026-07-25 19:31:20,86,40.8,6.6,119957,1,1,0,0,0,full_screen
2026-07-25 19:31:24,90,42.3,6.8,119798,1,1,0,0,0,full_screen
2026-07-25 19:31:29,95,42.8,6.7,119870,1,1,0,0,0,full_screen
2026-07-25 19:31:34,100,42.6,6.8,119815,1,1,0,0,0,full_screen
2026-07-25 19:31:39,105,39.0,6.8,119802,1,1,0,0,0,full_screen
2026-07-25 19:31:40,106,39.0,6.8,119802,1,1,0,0,0,full_screen
2026-07-25 19:31:41,107,39.0,6.8,119802,1,1,0,0,0,full_screen
2026-07-25 19:31:44,110,41.9,6.8,119777,1,1,0,0,0,full_screen
2026-07-25 19:31:49,115,40.3,6.8,119763,1,1,0,0,0,full_screen
2026-07-25 19:31:54,120,42.8,6.8,119761,1,1,0,0,0,full_screen
2026-07-25 19:31:59,125,40.8,6.8,119754,1,1,0,0,0,full_screen
2026-07-25 19:32:02,128,40.8,6.8,119754,1,1,0,0,0,full_screen
2026-07-25 19:32:03,129,40.8,6.8,119754,1,1,0,0,0,full_screen
2026-07-25 19:32:04,130,44.1,6.8,119724,1,1,0,0,0,full_screen
2026-07-25 19:32:09,135,41.8,6.8,119714,1,1,0,0,0,full_screen
2026-07-25 19:32:14,140,42.5,6.9,119636,1,1,0,0,0,full_screen
2026-07-25 19:32:19,145,41.2,6.8,119715,1,1,0,0,0,full_screen
2026-07-25 19:32:24,150,41.2,6.9,119696,1,1,0,0,0,full_screen
2026-07-25 19:32:29,155,43.2,6.8,119715,1,1,0,0,0,full_screen
2026-07-25 19:32:34,160,40.5,6.9,119676,1,1,0,0,0,full_screen
2026-07-25 19:32:39,165,41.3,6.9,119689,1,1,0,0,0,full_screen
2026-07-25 19:32:44,170,38.5,6.8,119786,1,1,0,0,0,full_screen
2026-07-25 19:32:45,171,38.5,6.8,119786,1,1,0,0,0,full_screen
2026-07-25 19:32:46,172,38.5,6.8,119786,1,1,0,0,0,full_screen
2026-07-25 19:32:49,175,42.1,6.8,119755,1,1,0,0,0,full_screen
2026-07-25 19:32:54,180,39.6,6.8,119754,1,1,0,0,0,full_screen
2026-07-25 19:32:59,185,41.2,6.8,119740,1,1,0,0,0,full_screen
2026-07-25 19:33:04,190,38.4,6.8,119726,1,1,0,0,0,full_screen
2026-07-25 19:33:09,195,43.0,6.8,119717,1,1,0,0,0,full_screen
2026-07-25 19:33:14,200,40.5,6.8,119731,1,1,0,0,0,full_screen
2026-07-25 19:33:19,205,41.6,6.9,119676,1,1,0,0,0,full_screen
2026-07-25 19:33:24,210,40.3,6.8,119743,1,1,0,0,0,full_screen
2026-07-25 19:33:27,213,40.3,6.8,119743,1,1,0,0,0,full_screen
2026-07-25 19:33:28,214,40.3,6.8,119743,1,1,0,0,0,full_screen
2026-07-25 19:33:29,215,40.7,6.8,119727,1,1,0,0,0,full_screen
2026-07-25 19:33:34,220,42.6,6.8,119712,1,1,0,0,0,full_screen
2026-07-25 19:33:39,225,39.4,6.9,119684,1,1,0,0,0,full_screen
2026-07-25 19:33:44,230,42.7,6.9,119690,1,1,0,0,0,full_screen
2026-07-25 19:33:49,235,39.5,6.8,119791,1,1,0,0,0,full_screen
2026-07-25 19:33:54,240,40.8,6.8,119715,1,1,0,0,0,full_screen
2026-07-25 19:33:59,245,40.0,6.9,119678,1,1,0,0,0,full_screen
2026-07-25 19:34:04,250,41.3,6.9,119669,1,1,0,0,0,full_screen
2026-07-25 19:34:09,255,38.7,6.8,119810,1,1,0,0,0,full_screen
2026-07-25 19:34:10,256,38.7,6.8,119810,1,1,0,0,0,full_screen
2026-07-25 19:34:11,257,38.7,6.8,119810,1,1,0,0,0,full_screen
2026-07-25 19:34:14,260,45.0,6.9,119683,1,1,0,0,0,full_screen
2026-07-25 19:34:19,265,41.6,6.9,119675,1,1,0,0,0,full_screen
2026-07-25 19:34:24,270,41.8,6.9,119623,1,1,0,0,0,full_screen
2026-07-25 19:34:29,275,40.5,6.9,119665,1,1,0,0,0,full_screen
2026-07-25 19:34:34,280,40.8,6.9,119682,1,1,0,0,0,full_screen
2026-07-25 19:34:39,285,42.0,6.9,119679,1,1,0,0,0,full_screen
2026-07-25 19:34:44,290,40.7,6.9,119660,1,1,0,0,0,full_screen
2026-07-25 19:34:49,295,42.6,6.9,119689,1,1,0,0,0,full_screen
2026-07-25 19:34:53,299,42.6,6.9,119689,1,1,0,0,0,full_screen
2026-07-25 19:34:54,300,42.6,6.9,119689,1,1,0,0,0,full_screen
2026-07-25 19:34:54,300,42.3,6.9,119688,1,1,0,0,0,full_screen
2026-07-25 19:34:59,305,41.8,6.9,119675,1,1,0,0,0,full_screen
2026-07-25 19:35:04,310,40.5,6.8,119714,1,1,0,0,0,full_screen
2026-07-25 19:35:09,315,41.7,6.9,119691,1,1,0,0,0,full_screen
2026-07-25 19:35:14,320,41.1,6.7,119826,1,1,0,0,0,full_screen
2026-07-25 19:35:19,325,42.8,6.9,119641,1,1,0,0,0,full_screen
2026-07-25 19:35:24,330,40.6,6.9,119637,1,1,0,0,0,full_screen
2026-07-25 19:35:29,335,43.1,6.9,119573,1,1,0,0,0,full_screen
2026-07-25 19:35:34,340,40.0,6.9,119648,1,1,0,0,0,full_screen
2026-07-25 19:35:36,342,40.0,6.9,119648,1,1,0,0,0,full_screen
2026-07-25 19:35:37,343,40.0,6.9,119648,1,1,0,0,0,full_screen
2026-07-25 19:35:39,345,39.4,6.9,119661,1,1,0,0,0,full_screen
2026-07-25 19:35:44,350,38.9,6.9,119666,1,1,0,0,0,full_screen
2026-07-25 19:35:49,355,37.2,6.9,119640,1,1,0,0,0,full_screen
2026-07-25 19:35:54,360,42.6,6.9,119630,1,1,0,0,0,full_screen
2026-07-25 19:35:59,365,42.3,6.9,119587,1,1,0,0,0,full_screen
2026-07-25 19:36:04,370,42.8,6.9,119605,1,1,0,0,0,full_screen
2026-07-25 19:36:09,375,41.7,6.9,119594,1,1,0,0,0,full_screen
2026-07-25 19:36:14,380,43.0,6.9,119588,1,1,0,0,0,full_screen
2026-07-25 19:36:19,385,43.0,6.9,119588,1,1,0,0,0,full_screen
2026-07-25 19:36:19,385,41.9,6.9,119660,1,1,0,0,0,full_screen
2026-07-25 19:36:20,386,41.9,6.9,119660,1,1,0,0,0,full_screen
2026-07-25 19:36:24,390,41.0,6.9,119607,1,1,0,0,0,full_screen
2026-07-25 19:36:29,395,38.3,7.0,119554,1,1,0,0,0,full_screen
2026-07-25 19:36:34,400,41.0,7.0,119533,1,1,0,0,0,full_screen
2026-07-25 19:36:39,405,38.0,6.9,119671,1,1,0,0,0,full_screen
2026-07-25 19:36:44,410,40.0,7.0,119493,1,1,0,0,0,full_screen
2026-07-25 19:36:49,415,40.5,7.0,119536,1,1,0,0,0,full_screen
2026-07-25 19:36:54,420,39.4,7.0,119559,1,1,0,0,0,full_screen
2026-07-25 19:36:59,425,40.6,7.0,119543,1,1,0,0,0,full_screen
2026-07-25 19:37:01,427,40.6,7.0,119543,1,1,0,0,0,full_screen
2026-07-25 19:37:02,428,40.6,7.0,119543,1,1,0,0,0,full_screen
2026-07-25 19:37:04,430,40.6,6.9,119606,1,1,0,0,0,full_screen
2026-07-25 19:37:09,435,41.3,6.9,119573,1,1,0,0,0,full_screen
2026-07-25 19:37:14,440,42.8,6.9,119585,1,1,0,0,0,full_screen
2026-07-25 19:37:19,445,43.4,6.9,119593,1,1,0,0,0,full_screen
2026-07-25 19:37:24,450,42.4,6.9,119588,1,1,0,0,0,full_screen
2026-07-25 19:37:29,455,42.3,6.9,119592,1,1,0,0,0,full_screen
2026-07-25 19:37:34,460,40.3,6.9,119578,1,1,0,0,0,full_screen
2026-07-25 19:37:39,465,41.3,7.0,119559,1,1,0,0,0,full_screen
2026-07-25 19:37:44,470,41.3,7.0,119559,1,1,0,0,0,full_screen
2026-07-25 19:37:44,470,38.7,6.8,119783,1,1,0,0,0,full_screen
2026-07-25 19:37:45,471,38.7,6.8,119783,1,1,0,0,0,full_screen
2026-07-25 19:37:49,475,41.2,7.0,119551,1,1,0,0,0,full_screen
2026-07-25 19:37:54,480,43.1,6.9,119586,1,1,0,0,0,full_screen
2026-07-25 19:38:00,486,42.0,7.0,119567,1,1,0,0,0,full_screen
2026-07-25 19:38:05,491,41.6,6.9,119579,1,1,0,0,0,full_screen
2026-07-25 19:38:10,496,41.5,7.0,119565,1,1,0,0,0,full_screen
2026-07-25 19:38:15,501,41.3,7.0,119541,1,1,0,0,0,full_screen
2026-07-25 19:38:20,506,38.8,7.0,119551,1,1,0,0,0,full_screen
2026-07-25 19:38:25,511,40.8,7.0,119537,1,1,0,0,0,full_screen
2026-07-25 19:38:27,513,40.8,7.0,119537,1,1,0,0,0,full_screen
2026-07-25 19:38:28,514,40.8,7.0,119537,1,1,0,0,0,full_screen
2026-07-25 19:38:30,516,41.0,7.0,119551,1,1,0,0,0,full_screen
2026-07-25 19:38:35,521,43.3,6.9,119577,1,1,0,0,0,full_screen
2026-07-25 19:38:40,526,41.4,6.9,119590,1,1,0,0,0,full_screen
2026-07-25 19:38:45,531,42.4,6.9,119587,1,1,0,0,0,full_screen
2026-07-25 19:38:50,536,41.3,6.9,119586,1,1,0,0,0,full_screen
2026-07-25 19:38:55,541,41.1,7.0,119522,1,1,0,0,0,full_screen
2026-07-25 19:39:00,546,42.2,7.0,119550,1,1,0,0,0,full_screen
2026-07-25 19:39:05,551,40.1,7.0,119522,1,1,0,0,0,full_screen
2026-07-25 19:39:10,556,41.9,6.9,119642,1,1,0,0,0,full_screen
2026-07-25 19:39:10,556,41.9,6.9,119642,1,1,0,0,0,full_screen
2026-07-25 19:39:11,557,41.9,6.9,119642,1,1,0,0,0,full_screen
2026-07-25 19:39:15,561,43.5,7.0,119564,1,1,0,0,0,full_screen
2026-07-25 19:39:20,566,43.1,7.0,119540,1,1,0,0,0,full_screen
2026-07-25 19:39:25,571,41.9,7.0,119497,1,1,0,0,0,full_screen
2026-07-25 19:39:30,576,43.2,7.0,119508,1,1,0,0,0,full_screen
2026-07-25 19:39:32,578,43.2,7.0,119508,1,1,0,0,0,full_screen
2026-07-25 19:39:33,579,43.2,7.0,119508,1,1,0,0,0,full_screen
2026-07-25 19:39:35,581,43.9,7.0,119530,1,1,0,0,0,full_screen
2026-07-25 19:39:40,586,43.7,7.0,119518,1,1,0,0,0,full_screen
2026-07-25 19:39:45,591,41.7,7.0,119543,1,1,0,0,0,full_screen
2026-07-25 19:39:50,596,43.5,7.0,119512,1,1,0,0,0,full_screen
2026-07-25 19:39:53,599,43.5,7.0,119512,1,1,0,0,0,full_screen
2026-07-25 19:39:54,600,43.5,7.0,119512,1,1,0,0,0,full_screen
2026-07-25 19:39:55,601,43.8,7.0,119536,1,1,0,0,0,full_screen
2026-07-25 19:40:00,606,43.2,7.0,119525,1,1,0,0,0,full_screen
2026-07-25 19:40:05,611,43.3,7.0,119560,1,1,0,0,0,full_screen
2026-07-25 19:40:10,616,42.8,7.0,119506,1,1,0,0,0,full_screen
2026-07-25 19:40:14,620,42.8,7.0,119506,1,1,0,0,0,full_screen
2026-07-25 19:40:15,621,43.0,6.9,119630,1,1,0,0,0,full_screen
2026-07-25 19:40:16,622,43.0,6.9,119630,1,1,0,0,0,full_screen
2026-07-25 19:40:20,626,39.4,7.0,119524,1,1,0,0,0,full_screen
2026-07-25 19:40:25,631,40.5,7.0,119523,1,1,0,0,0,full_screen
2026-07-25 19:40:30,636,39.9,7.0,119518,1,1,0,0,0,full_screen
2026-07-25 19:40:35,641,41.2,7.0,119531,1,1,0,0,0,full_screen
2026-07-25 19:40:35,641,41.2,7.0,119531,1,1,0,0,0,full_screen
2026-07-25 19:40:36,642,41.2,7.0,119531,1,1,0,0,0,full_screen
2026-07-25 19:40:40,646,40.2,7.0,119495,1,1,0,0,0,full_screen
2026-07-25 19:40:45,651,39.9,7.0,119491,1,1,0,0,0,full_screen
2026-07-25 19:40:50,656,41.0,7.0,119467,1,1,0,0,0,full_screen
2026-07-25 19:40:55,661,42.6,7.0,119470,1,1,0,0,0,full_screen
2026-07-25 19:40:57,663,42.6,7.0,119470,1,1,0,0,0,full_screen
2026-07-25 19:40:58,664,42.6,7.0,119470,1,1,0,0,0,full_screen
2026-07-25 19:41:00,666,41.1,7.0,119557,1,1,0,0,0,full_screen
2026-07-25 19:41:05,671,39.4,7.0,119484,1,1,0,0,0,full_screen
2026-07-25 19:41:10,676,42.5,7.0,119515,1,1,0,0,0,full_screen
2026-07-25 19:41:15,681,40.1,7.0,119526,1,1,0,0,0,full_screen
2026-07-25 19:41:20,686,41.6,7.0,119545,1,1,0,0,0,full_screen
2026-07-25 19:41:25,691,37.9,7.0,119532,1,1,0,0,0,full_screen
2026-07-25 19:41:30,696,39.4,7.0,119553,1,1,0,0,0,full_screen
2026-07-25 19:41:35,701,38.5,7.0,119531,1,1,0,0,0,full_screen
2026-07-25 19:41:40,706,38.8,6.8,119720,1,1,0,0,0,full_screen
2026-07-25 19:41:40,706,38.8,6.8,119720,1,1,0,0,0,full_screen
2026-07-25 19:41:41,707,38.8,6.8,119720,1,1,0,0,0,full_screen
2026-07-25 19:41:45,711,37.7,7.0,119561,1,1,0,0,0,full_screen
2026-07-25 19:41:50,716,39.0,7.0,119544,1,1,0,0,0,full_screen
2026-07-25 19:41:55,721,37.3,7.0,119546,1,1,0,0,0,full_screen
2026-07-25 19:42:00,726,39.5,7.0,119563,1,1,0,0,0,full_screen
2026-07-25 19:42:05,731,39.6,6.9,119576,1,1,0,0,0,full_screen
2026-07-25 19:42:10,736,37.4,7.0,119516,1,1,0,0,0,full_screen
2026-07-25 19:42:15,741,37.6,7.0,119548,1,1,0,0,0,full_screen
2026-07-25 19:42:20,746,35.7,7.0,119550,1,1,0,0,0,full_screen
2026-07-25 19:42:23,749,35.7,7.0,119550,1,1,0,0,0,full_screen
2026-07-25 19:42:24,750,35.7,7.0,119550,1,1,0,0,0,full_screen
2026-07-25 19:42:25,751,38.8,7.0,119535,1,1,0,0,0,full_screen
2026-07-25 19:42:30,756,37.0,6.9,119570,1,1,0,0,0,full_screen
2026-07-25 19:42:35,761,38.6,7.0,119532,1,1,0,0,0,full_screen
2026-07-25 19:42:40,766,37.1,7.0,119543,1,1,0,0,0,full_screen
2026-07-25 19:42:45,771,40.0,6.9,119646,1,1,0,0,0,full_screen
2026-07-25 19:42:50,776,35.9,7.0,119556,1,1,0,0,0,full_screen
2026-07-25 19:42:55,781,39.2,7.0,119560,1,1,0,0,0,full_screen
2026-07-25 19:43:00,786,37.3,7.0,119547,1,1,0,0,0,full_screen
2026-07-25 19:43:05,791,38.7,6.9,119657,1,1,0,0,0,full_screen
2026-07-25 19:43:06,792,38.7,6.9,119657,1,1,0,0,0,full_screen
2026-07-25 19:43:07,793,38.7,6.9,119657,1,1,0,0,0,full_screen
2026-07-25 19:43:10,796,37.0,7.0,119565,1,1,0,0,0,full_screen
2026-07-25 19:43:15,801,37.3,7.0,119527,1,1,0,0,0,full_screen
2026-07-25 19:43:20,806,37.2,6.9,119571,1,1,0,0,0,full_screen
2026-07-25 19:43:25,811,36.9,6.9,119595,1,1,0,0,0,full_screen
2026-07-25 19:43:30,816,38.5,7.0,119536,1,1,0,0,0,full_screen
2026-07-25 19:43:35,821,35.7,7.0,119558,1,1,0,0,0,full_screen
2026-07-25 19:43:40,826,38.1,7.0,119535,1,1,0,0,0,full_screen
2026-07-25 19:43:45,831,36.3,7.0,119532,1,1,0,0,0,full_screen
2026-07-25 19:43:49,835,36.3,7.0,119532,1,1,0,0,0,full_screen
2026-07-25 19:43:50,836,36.3,7.0,119532,1,1,0,0,0,full_screen
2026-07-25 19:43:50,836,38.9,6.9,119588,1,1,0,0,0,full_screen
2026-07-25 19:43:55,841,36.7,6.9,119594,1,1,0,0,0,full_screen
2026-07-25 19:44:00,846,40.2,7.0,119542,1,1,0,0,0,full_screen
2026-07-25 19:44:05,851,35.9,7.0,119549,1,1,0,0,0,full_screen
2026-07-25 19:44:10,856,37.3,6.8,119703,1,1,0,0,0,full_screen
2026-07-25 19:44:15,861,38.3,7.0,119562,1,1,0,0,0,full_screen
2026-07-25 19:44:20,866,39.8,7.0,119551,1,1,0,0,0,full_screen
2026-07-25 19:44:25,871,37.2,6.9,119572,1,1,0,0,0,full_screen
2026-07-25 19:44:30,876,37.1,7.0,119518,1,1,0,0,0,full_screen
2026-07-25 19:44:31,877,37.1,7.0,119518,1,1,0,0,0,full_screen
2026-07-25 19:44:32,878,37.1,7.0,119518,1,1,0,0,0,full_screen
2026-07-25 19:44:35,881,39.1,7.0,119556,1,1,0,0,0,full_screen
2026-07-25 19:44:40,886,36.6,7.0,119548,1,1,0,0,0,full_screen
2026-07-25 19:44:45,891,39.4,7.0,119541,1,1,0,0,0,full_screen
2026-07-25 19:44:50,896,38.4,7.0,119559,1,1,0,0,0,full_screen
2026-07-25 19:44:55,901,40.0,7.0,119542,1,1,0,0,0,full_screen
2026-07-25 19:45:00,906,37.4,7.0,119549,1,1,0,0,0,full_screen
2026-07-25 19:45:05,911,40.1,7.0,119546,1,1,0,0,0,full_screen
2026-07-25 19:45:07,913,40.1,7.0,119546,2,1,1,0,0,full_screen
2026-07-25 19:45:10,916,46.0,7.5,118850,2,1,1,0,0,full_screen
2026-07-25 19:45:14,920,46.0,7.5,118850,2,1,1,0,0,full_screen
2026-07-25 19:45:15,921,46.0,7.5,118850,2,1,1,0,0,full_screen
2026-07-25 19:45:15,921,47.3,7.5,118901,2,1,1,0,0,full_screen
2026-07-25 19:45:16,922,47.3,7.5,118901,2,1,1,0,0,full_screen
2026-07-25 19:45:20,926,44.4,7.5,118799,2,1,1,0,0,full_screen
2026-07-25 19:45:25,931,46.3,7.6,118722,2,1,1,0,0,full_screen
2026-07-25 19:45:30,936,44.1,7.6,118716,2,1,1,0,0,full_screen
2026-07-25 19:45:35,941,43.0,7.6,118758,2,1,1,0,0,full_screen
2026-07-25 19:45:36,942,43.0,7.6,118758,2,1,1,0,0,full_screen
2026-07-25 19:45:37,943,43.0,7.6,118758,2,1,1,0,0,full_screen
2026-07-25 19:45:40,946,46.2,7.6,118777,2,1,1,0,0,full_screen
2026-07-25 19:45:45,951,44.8,7.6,118761,2,1,1,0,0,full_screen
2026-07-25 19:45:50,956,47.4,7.6,118778,2,1,1,0,0,full_screen
2026-07-25 19:45:55,961,44.1,7.6,118743,2,1,1,0,0,full_screen
2026-07-25 19:46:00,966,49.1,7.6,118697,2,1,1,0,0,full_screen
2026-07-25 19:46:05,971,45.6,7.6,118670,2,1,1,0,0,full_screen
2026-07-25 19:46:10,976,45.6,7.6,118680,2,1,1,0,0,full_screen
2026-07-25 19:46:15,981,45.1,7.6,118713,2,1,1,0,0,full_screen
2026-07-25 19:46:19,985,45.1,7.6,118713,2,1,1,0,0,full_screen
2026-07-25 19:46:20,986,45.1,7.6,118713,2,1,1,0,0,full_screen
2026-07-25 19:46:20,986,47.9,7.6,118695,2,1,1,0,0,full_screen
2026-07-25 19:46:25,991,42.6,7.6,118722,2,1,1,0,0,full_screen
2026-07-25 19:46:30,996,47.4,7.6,118704,2,1,1,0,0,full_screen
2026-07-25 19:46:35,1001,45.4,7.6,118676,2,1,1,0,0,full_screen
2026-07-25 19:46:40,1006,44.2,7.5,118839,2,1,1,0,0,full_screen
2026-07-25 19:46:45,1011,48.9,7.6,118727,2,1,1,0,0,full_screen
2026-07-25 19:46:50,1016,45.3,7.6,118682,2,1,1,0,0,full_screen
2026-07-25 19:46:55,1021,46.7,7.6,118690,2,1,1,0,0,full_screen
2026-07-25 19:47:00,1026,41.5,7.6,118690,2,1,1,0,0,full_screen
2026-07-25 19:47:01,1027,41.5,7.6,118690,2,1,1,0,0,full_screen
2026-07-25 19:47:02,1028,41.5,7.6,118690,2,1,1,0,0,full_screen
2026-07-25 19:47:05,1031,46.0,7.6,118699,2,1,1,0,0,full_screen
2026-07-25 19:47:10,1036,42.2,7.6,118752,2,1,1,0,0,full_screen
2026-07-25 19:47:15,1041,44.7,7.6,118715,2,1,1,0,0,full_screen
2026-07-25 19:47:20,1046,42.4,7.6,118730,2,1,1,0,0,full_screen
2026-07-25 19:47:25,1051,46.4,7.6,118710,2,1,1,0,0,full_screen
2026-07-25 19:47:30,1056,42.6,7.6,118695,2,1,1,0,0,full_screen
2026-07-25 19:47:35,1061,45.2,7.6,118699,2,1,1,0,0,full_screen
2026-07-25 19:47:40,1066,43.0,7.6,118719,2,1,1,0,0,full_screen
2026-07-25 19:47:44,1070,43.0,7.6,118719,2,1,1,0,0,full_screen
2026-07-25 19:47:45,1071,43.0,7.6,118719,2,1,1,0,0,full_screen
2026-07-25 19:47:45,1071,45.0,7.7,118593,2,1,1,0,0,full_screen
2026-07-25 19:47:50,1076,47.4,7.7,118663,2,1,1,0,0,full_screen
2026-07-25 19:47:55,1081,45.6,7.6,118689,2,1,1,0,0,full_screen
2026-07-25 19:48:00,1086,49.0,7.7,118649,2,1,1,0,0,full_screen
2026-07-25 19:48:05,1091,43.3,7.5,118827,2,1,1,0,0,full_screen
2026-07-25 19:48:10,1096,48.5,7.6,118714,2,1,1,0,0,full_screen
2026-07-25 19:48:15,1101,42.8,7.6,118688,2,1,1,0,0,full_screen
2026-07-25 19:48:20,1106,44.5,7.7,118652,2,1,1,0,0,full_screen
2026-07-25 19:48:25,1111,44.1,7.7,118646,2,1,1,0,0,full_screen
2026-07-25 19:48:27,1113,44.1,7.7,118646,2,1,1,0,0,full_screen
2026-07-25 19:48:28,1114,44.1,7.7,118646,2,1,1,0,0,full_screen
2026-07-25 19:48:30,1116,51.3,7.7,118668,2,1,1,0,0,full_screen
2026-07-25 19:48:35,1121,47.0,7.6,118673,2,1,1,0,0,full_screen
2026-07-25 19:48:40,1126,47.1,7.7,118666,2,1,1,0,0,full_screen
2026-07-25 19:48:45,1131,44.8,7.7,118660,2,1,1,0,0,full_screen
2026-07-25 19:48:50,1136,46.2,7.7,118604,2,1,1,0,0,full_screen
2026-07-25 19:48:55,1141,44.2,7.7,118663,2,1,1,0,0,full_screen
2026-07-25 19:49:00,1146,42.2,7.6,118672,2,1,1,0,0,full_screen
2026-07-25 19:49:05,1151,46.1,7.7,118660,2,1,1,0,0,full_screen
2026-07-25 19:49:10,1156,46.1,7.7,118660,2,1,1,0,0,full_screen
2026-07-25 19:49:10,1156,44.2,7.5,118798,2,1,1,0,0,full_screen
2026-07-25 19:49:11,1157,44.2,7.5,118798,2,1,1,0,0,full_screen
2026-07-25 19:49:15,1161,45.6,7.6,118688,2,1,1,0,0,full_screen
2026-07-25 19:49:20,1166,44.4,7.7,118639,2,1,1,0,0,full_screen
2026-07-25 19:49:25,1171,46.9,7.7,118618,2,1,1,0,0,full_screen
2026-07-25 19:49:30,1176,44.5,7.7,118617,2,1,1,0,0,full_screen
2026-07-25 19:49:35,1181,47.6,7.6,118671,2,1,1,0,0,full_screen
2026-07-25 19:49:40,1186,43.1,7.7,118655,2,1,1,0,0,full_screen
2026-07-25 19:49:45,1191,48.3,7.7,118604,2,1,1,0,0,full_screen
2026-07-25 19:49:50,1196,46.9,7.7,118627,2,1,1,0,0,full_screen
2026-07-25 19:49:53,1199,46.9,7.7,118627,2,1,1,0,0,full_screen
2026-07-25 19:49:54,1200,46.9,7.7,118627,2,1,1,0,0,full_screen
2026-07-25 19:49:55,1201,48.7,7.7,118602,2,1,1,0,0,full_screen
2026-07-25 19:50:00,1206,47.3,7.7,118655,2,1,1,0,0,full_screen
2026-07-25 19:50:05,1211,46.6,7.7,118641,2,1,1,0,0,full_screen
2026-07-25 19:50:10,1216,47.6,7.7,118626,2,1,1,0,0,full_screen
2026-07-25 19:50:15,1221,44.2,7.6,118710,2,1,1,0,0,full_screen
2026-07-25 19:50:20,1226,47.3,7.6,118713,2,1,1,0,0,full_screen
2026-07-25 19:50:25,1231,47.5,7.6,118675,2,1,1,0,0,full_screen
2026-07-25 19:50:30,1236,51.2,7.6,118681,2,1,1,0,0,full_screen
2026-07-25 19:50:35,1241,51.2,7.6,118681,2,1,1,0,0,full_screen
2026-07-25 19:50:35,1241,45.1,7.5,118860,2,1,1,0,0,full_screen
2026-07-25 19:50:36,1242,45.1,7.5,118860,2,1,1,0,0,full_screen
2026-07-25 19:50:40,1246,49.4,7.6,118681,2,1,1,0,0,full_screen
2026-07-25 19:50:45,1251,44.5,7.7,118660,2,1,1,0,0,full_screen
2026-07-25 19:50:50,1256,43.6,7.7,118612,2,1,1,0,0,full_screen
2026-07-25 19:50:55,1261,40.3,7.6,118677,2,1,1,0,0,full_screen
2026-07-25 19:51:00,1266,43.0,7.7,118642,2,1,1,0,0,full_screen
2026-07-25 19:51:05,1271,46.0,7.7,118663,2,1,1,0,0,full_screen
2026-07-25 19:51:10,1276,44.1,7.7,118644,2,1,1,0,0,full_screen
2026-07-25 19:51:15,1281,45.5,7.7,118666,2,1,1,0,0,full_screen
2026-07-25 19:51:18,1284,45.5,7.7,118666,2,1,1,0,0,full_screen
2026-07-25 19:51:19,1285,45.5,7.7,118666,2,1,1,0,0,full_screen
2026-07-25 19:51:20,1286,44.5,7.7,118666,2,1,1,0,0,full_screen
2026-07-25 19:51:25,1291,47.4,7.7,118660,2,1,1,0,0,full_screen
2026-07-25 19:51:30,1296,45.6,7.7,118665,2,1,1,0,0,full_screen
2026-07-25 19:51:36,1302,45.3,7.7,118655,2,1,1,0,0,full_screen
2026-07-25 19:51:40,1306,45.3,7.7,118655,2,1,1,0,0,full_screen
2026-07-25 19:51:41,1307,43.6,7.6,118695,2,1,1,0,0,full_screen
2026-07-25 19:51:41,1307,43.6,7.6,118695,2,1,1,0,0,full_screen
2026-07-25 19:51:46,1312,49.1,7.6,118675,2,1,1,0,0,full_screen
2026-07-25 19:51:51,1317,47.4,7.6,118696,2,1,1,0,0,full_screen
2026-07-25 19:51:56,1322,48.2,7.7,118595,2,1,1,0,0,full_screen
2026-07-25 19:52:01,1327,45.3,7.6,118781,2,1,1,0,0,full_screen
2026-07-25 19:52:01,1327,45.3,7.6,118781,2,1,1,0,0,full_screen
2026-07-25 19:52:02,1328,45.3,7.6,118781,2,1,1,0,0,full_screen
2026-07-25 19:52:06,1332,48.1,7.7,118631,2,1,1,0,0,full_screen
2026-07-25 19:52:11,1337,47.9,7.7,118642,2,1,1,0,0,full_screen
2026-07-25 19:52:16,1342,43.7,7.7,118634,2,1,1,0,0,full_screen
2026-07-25 19:52:21,1347,45.9,7.7,118612,2,1,1,0,0,full_screen
2026-07-25 19:52:23,1349,45.9,7.7,118612,2,1,1,0,0,full_screen
2026-07-25 19:52:24,1350,45.9,7.7,118612,2,1,1,0,0,full_screen
2026-07-25 19:52:26,1352,46.5,7.7,118655,2,1,1,0,0,full_screen
2026-07-25 19:52:31,1357,47.2,7.7,118659,2,1,1,0,0,full_screen
2026-07-25 19:52:36,1362,46.1,7.7,118626,2,1,1,0,0,full_screen
2026-07-25 19:52:41,1367,47.9,7.7,118648,2,1,1,0,0,full_screen
2026-07-25 19:52:44,1370,47.9,7.7,118648,2,1,1,0,0,full_screen
2026-07-25 19:52:45,1371,47.9,7.7,118648,2,1,1,0,0,full_screen
2026-07-25 19:52:46,1372,43.7,7.7,118653,2,1,1,0,0,full_screen
2026-07-25 19:52:51,1377,43.1,7.7,118665,2,1,1,0,0,full_screen
2026-07-25 19:52:56,1382,40.3,7.7,118612,2,1,1,0,0,full_screen
2026-07-25 19:53:01,1387,43.7,7.7,118581,2,1,1,0,0,full_screen
2026-07-25 19:53:06,1392,42.2,7.5,118814,2,1,1,0,0,full_screen
2026-07-25 19:53:06,1392,42.2,7.5,118814,2,1,1,0,0,full_screen
2026-07-25 19:53:07,1393,42.2,7.5,118814,2,1,1,0,0,full_screen
2026-07-25 19:53:11,1397,43.3,7.7,118639,2,1,1,0,0,full_screen
2026-07-25 19:53:16,1402,59.3,7.6,118734,2,1,1,0,0,full_screen
2026-07-25 19:53:21,1407,59.7,7.6,118730,2,1,1,0,0,full_screen
2026-07-25 19:53:26,1412,65.4,7.6,118741,2,1,1,0,0,full_screen
2026-07-25 19:53:31,1417,59.6,7.6,118717,2,1,1,0,0,full_screen
2026-07-25 19:53:36,1422,59.2,7.6,118729,2,1,1,0,0,full_screen
2026-07-25 19:53:41,1427,58.8,7.6,118733,2,1,1,0,0,full_screen
2026-07-25 19:53:46,1432,54.9,7.6,118721,2,1,1,0,0,full_screen
2026-07-25 19:53:48,1434,54.9,7.6,118721,2,1,1,0,0,full_screen
2026-07-25 19:53:49,1435,54.9,7.6,118721,2,1,1,0,0,full_screen
2026-07-25 19:53:51,1437,57.0,7.6,118697,2,1,1,0,0,full_screen
2026-07-25 19:53:56,1442,57.4,7.7,118655,2,1,1,0,0,full_screen
2026-07-25 19:54:01,1447,48.0,7.7,118618,2,1,1,0,0,full_screen
2026-07-25 19:54:06,1452,47.7,7.7,118585,2,1,1,0,0,full_screen
2026-07-25 19:54:11,1457,49.1,7.7,118643,2,1,1,0,0,full_screen
2026-07-25 19:54:16,1462,47.6,7.7,118635,2,1,1,0,0,full_screen
2026-07-25 19:54:21,1467,50.6,7.7,118640,2,1,1,0,0,full_screen
2026-07-25 19:54:26,1472,50.0,7.7,118618,2,1,1,0,0,full_screen
2026-07-25 19:54:31,1477,49.2,7.6,118749,2,1,1,0,0,full_screen
2026-07-25 19:54:31,1477,49.2,7.6,118749,2,1,1,0,0,full_screen
2026-07-25 19:54:32,1478,49.2,7.6,118749,2,1,1,0,0,full_screen
2026-07-25 19:54:36,1482,51.6,7.7,118603,2,1,1,0,0,full_screen
2026-07-25 19:54:41,1487,50.8,7.7,118595,2,1,1,0,0,full_screen
2026-07-25 19:54:46,1492,49.3,7.7,118593,2,1,1,0,0,full_screen
2026-07-25 19:54:51,1497,51.8,7.7,118575,2,1,1,0,0,full_screen
2026-07-25 19:54:56,1502,46.5,7.8,118432,2,1,1,0,0,full_screen
2026-07-25 19:55:01,1507,44.5,7.9,118377,2,1,1,0,0,full_screen
2026-07-25 19:55:06,1512,43.2,7.9,118394,2,1,1,0,0,full_screen
2026-07-25 19:55:11,1517,43.9,7.8,118492,2,1,1,0,0,full_screen
2026-07-25 19:55:14,1520,43.9,7.8,118492,2,1,1,0,0,full_screen
2026-07-25 19:55:15,1521,43.9,7.8,118492,2,1,1,0,0,full_screen
2026-07-25 19:55:16,1522,45.6,7.8,118437,2,1,1,0,0,full_screen
2026-07-25 19:55:21,1527,44.8,7.8,118430,2,1,1,0,0,full_screen
2026-07-25 19:55:26,1532,46.8,7.9,118401,2,1,1,0,0,full_screen
2026-07-25 19:55:31,1537,44.6,7.9,118401,2,1,1,0,0,full_screen
2026-07-25 19:55:36,1542,44.5,7.8,118539,2,1,1,0,0,full_screen
2026-07-25 19:55:41,1547,43.4,7.9,118411,2,1,1,0,0,full_screen
2026-07-25 19:55:46,1552,45.5,7.8,118437,2,1,1,0,0,full_screen
2026-07-25 19:55:51,1557,44.7,7.9,118400,2,1,1,0,0,full_screen
2026-07-25 19:55:56,1562,44.7,7.8,118421,2,1,1,0,0,full_screen
2026-07-25 19:55:57,1563,44.7,7.8,118421,2,1,1,0,0,full_screen
2026-07-25 19:55:58,1564,44.7,7.8,118421,2,1,1,0,0,full_screen
2026-07-25 19:56:01,1567,44.5,7.9,118386,2,1,1,0,0,full_screen
2026-07-25 19:56:06,1572,46.4,7.9,118324,2,1,1,0,0,full_screen
2026-07-25 19:56:11,1577,45.1,7.9,118402,2,1,1,0,0,full_screen
2026-07-25 19:56:16,1582,44.8,7.9,118376,2,1,1,0,0,full_screen
2026-07-25 19:56:21,1587,46.2,7.9,118399,2,1,1,0,0,full_screen
2026-07-25 19:56:26,1592,44.2,7.9,118412,2,1,1,0,0,full_screen
2026-07-25 19:56:31,1597,45.3,7.9,118407,2,1,1,0,0,full_screen
2026-07-25 19:56:36,1602,47.8,7.8,118432,2,1,1,0,0,full_screen
2026-07-25 19:56:40,1606,47.8,7.8,118432,2,1,1,0,0,full_screen
2026-07-25 19:56:41,1607,47.8,7.8,118432,2,1,1,0,0,full_screen
2026-07-25 19:56:41,1607,48.7,7.9,118407,2,1,1,0,0,full_screen
2026-07-25 19:56:46,1612,45.4,7.9,118362,2,1,1,0,0,full_screen
2026-07-25 19:56:51,1617,47.2,7.9,118368,2,1,1,0,0,full_screen
2026-07-25 19:56:56,1622,45.6,7.9,118368,2,1,1,0,0,full_screen
2026-07-25 19:57:01,1627,44.9,7.8,118537,2,1,1,0,0,full_screen
2026-07-25 19:57:06,1632,45.8,7.8,118417,2,1,1,0,0,full_screen
2026-07-25 19:57:11,1637,45.3,7.9,118368,2,1,1,0,0,full_screen
2026-07-25 19:57:16,1642,45.0,7.8,118413,2,1,1,0,0,full_screen
2026-07-25 19:57:21,1647,43.9,7.8,118440,2,1,1,0,0,full_screen
2026-07-25 19:57:22,1648,43.9,7.8,118440,2,1,1,0,0,full_screen
2026-07-25 19:57:23,1649,43.9,7.8,118440,2,1,1,0,0,full_screen
2026-07-25 19:57:26,1652,47.7,7.9,118384,2,1,1,0,0,full_screen
2026-07-25 19:57:31,1657,43.7,7.9,118399,2,1,1,0,0,full_screen
2026-07-25 19:57:36,1662,44.7,7.9,118395,2,1,1,0,0,full_screen
2026-07-25 19:57:41,1667,42.7,7.9,118387,2,1,1,0,0,full_screen
2026-07-25 19:57:46,1672,45.1,7.9,118406,2,1,1,0,0,full_screen
2026-07-25 19:57:51,1677,44.5,7.8,118447,2,1,1,0,0,full_screen
2026-07-25 19:57:56,1682,47.0,7.9,118406,2,1,1,0,0,full_screen
2026-07-25 19:58:01,1687,46.1,7.9,118388,2,1,1,0,0,full_screen
2026-07-25 19:58:05,1691,46.1,7.9,118388,2,1,1,0,0,full_screen
2026-07-25 19:58:06,1692,45.9,7.8,118486,2,1,1,0,0,full_screen
2026-07-25 19:58:06,1692,45.9,7.8,118486,2,1,1,0,0,full_screen
2026-07-25 19:58:11,1697,44.2,7.9,118384,2,1,1,0,0,full_screen
2026-07-25 19:58:16,1702,44.8,7.9,118322,2,1,1,0,0,full_screen
2026-07-25 19:58:21,1707,45.8,7.9,118373,2,1,1,0,0,full_screen
2026-07-25 19:58:26,1712,45.0,7.8,118531,2,1,1,0,0,full_screen
2026-07-25 19:58:31,1717,49.9,7.8,118423,2,1,1,0,0,full_screen
2026-07-25 19:58:36,1722,46.8,7.9,118349,2,1,1,0,0,full_screen
2026-07-25 19:58:41,1727,46.5,7.9,118405,2,1,1,0,0,full_screen
2026-07-25 19:58:46,1732,44.3,7.9,118372,2,1,1,0,0,full_screen
2026-07-25 19:58:48,1734,44.3,7.9,118372,2,1,1,0,0,full_screen
2026-07-25 19:58:49,1735,44.3,7.9,118372,2,1,1,0,0,full_screen
2026-07-25 19:58:51,1737,46.1,7.9,118368,2,1,1,0,0,full_screen
2026-07-25 19:58:56,1742,43.5,7.9,118343,2,1,1,0,0,full_screen
2026-07-25 19:59:01,1747,45.7,7.9,118351,2,1,1,0,0,full_screen
2026-07-25 19:59:06,1752,45.3,7.9,118331,2,1,1,0,0,full_screen
2026-07-25 19:59:11,1757,47.6,7.9,118358,2,1,1,0,0,full_screen
2026-07-25 19:59:16,1762,44.8,7.9,118314,2,1,1,0,0,full_screen
2026-07-25 19:59:21,1767,46.2,8.0,118248,2,1,1,0,0,full_screen
2026-07-25 19:59:26,1772,45.6,7.9,118315,2,1,1,0,0,full_screen
2026-07-25 19:59:31,1777,45.6,7.9,118315,2,1,1,0,0,full_screen
2026-07-25 19:59:31,1777,43.4,7.8,118490,2,1,1,0,0,full_screen
2026-07-25 19:59:32,1778,43.4,7.8,118490,2,1,1,0,0,full_screen
2026-07-25 19:59:36,1782,46.4,7.9,118366,2,1,1,0,0,full_screen
2026-07-25 19:59:41,1787,45.5,7.9,118380,2,1,1,0,0,full_screen
2026-07-25 19:59:46,1792,46.8,7.9,118353,2,1,1,0,0,full_screen
2026-07-25 19:59:51,1797,45.9,7.9,118346,2,1,1,0,0,full_screen
2026-07-25 19:59:56,1802,49.2,7.9,118357,2,1,1,0,0,full_screen
2026-07-25 20:00:01,1807,46.6,7.9,118410,2,1,1,0,0,full_screen
2026-07-25 20:00:06,1812,49.4,7.9,118381,2,1,1,0,0,full_screen
2026-07-25 20:00:08,1814,49.4,7.9,118381,3,1,1,1,0,full_screen
2026-07-25 20:00:11,1817,54.6,8.4,117751,3,1,1,1,0,full_screen
2026-07-25 20:00:14,1820,54.6,8.4,117751,3,1,1,1,0,full_screen
2026-07-25 20:00:15,1821,54.6,8.4,117751,3,1,1,1,0,full_screen
2026-07-25 20:00:16,1822,59.1,8.4,117694,3,1,1,1,0,full_screen
2026-07-25 20:00:16,1822,59.1,8.4,117694,3,1,1,1,0,full_screen
2026-07-25 20:00:21,1827,55.4,8.4,117651,3,1,1,1,0,full_screen
2026-07-25 20:00:26,1832,57.3,8.5,117563,3,1,1,1,0,full_screen
2026-07-25 20:00:31,1837,62.3,8.4,117666,3,1,1,1,0,full_screen
2026-07-25 20:00:35,1841,62.3,8.4,117666,3,1,1,1,0,full_screen
2026-07-25 20:00:36,1842,60.2,8.4,117686,3,1,1,1,0,full_screen
2026-07-25 20:00:36,1842,60.2,8.4,117686,3,1,1,1,0,full_screen
2026-07-25 20:00:41,1847,62.9,8.4,117664,3,1,1,1,0,full_screen
2026-07-25 20:00:46,1852,57.8,8.5,117626,3,1,1,1,0,full_screen
2026-07-25 20:00:51,1857,55.9,8.4,117657,3,1,1,1,0,full_screen
2026-07-25 20:00:56,1862,51.2,8.3,117806,3,1,1,1,0,full_screen
2026-07-25 20:01:01,1867,58.6,8.4,117646,3,1,1,1,0,full_screen
2026-07-25 20:01:06,1872,57.3,8.4,117699,3,1,1,1,0,full_screen
2026-07-25 20:01:11,1877,58.0,8.4,117650,3,1,1,1,0,full_screen
2026-07-25 20:01:16,1882,55.2,8.4,117643,3,1,1,1,0,full_screen
2026-07-25 20:01:18,1884,55.2,8.4,117643,3,1,1,1,0,full_screen
2026-07-25 20:01:19,1885,55.2,8.4,117643,3,1,1,1,0,full_screen
2026-07-25 20:01:21,1887,68.6,8.5,117559,3,1,1,1,0,full_screen
2026-07-25 20:01:26,1892,68.8,8.5,117566,3,1,1,1,0,full_screen
2026-07-25 20:01:31,1897,71.5,8.5,117573,3,1,1,1,0,full_screen
2026-07-25 20:01:36,1902,71.9,8.5,117571,3,1,1,1,0,full_screen
2026-07-25 20:01:41,1907,65.3,8.3,117827,3,1,1,1,0,full_screen
2026-07-25 20:01:46,1912,71.6,8.4,117741,3,1,1,1,0,full_screen
2026-07-25 20:01:51,1917,63.4,8.4,117755,3,1,1,1,0,full_screen
2026-07-25 20:01:56,1922,67.1,8.4,117717,3,1,1,1,0,full_screen
2026-07-25 20:02:01,1927,67.1,8.4,117717,3,1,1,1,0,full_screen
2026-07-25 20:02:01,1927,69.5,8.2,117914,3,1,1,1,0,full_screen
2026-07-25 20:02:02,1928,69.5,8.2,117914,3,1,1,1,0,full_screen
2026-07-25 20:02:06,1932,70.6,8.4,117704,3,1,1,1,0,full_screen
2026-07-25 20:02:11,1937,60.6,8.4,117744,3,1,1,1,0,full_screen
2026-07-25 20:02:16,1942,59.4,8.4,117694,3,1,1,1,0,full_screen
2026-07-25 20:02:21,1947,64.1,8.5,117624,3,1,1,1,0,full_screen
2026-07-25 20:02:26,1952,63.6,8.4,117656,3,1,1,1,0,full_screen
2026-07-25 20:02:31,1957,61.1,8.5,117622,3,1,1,1,0,full_screen
2026-07-25 20:02:36,1962,58.8,8.5,117617,3,1,1,1,0,full_screen
2026-07-25 20:02:41,1967,61.9,8.4,117654,3,1,1,1,0,full_screen
2026-07-25 20:02:44,1970,61.9,8.4,117654,3,1,1,1,0,full_screen
2026-07-25 20:02:45,1971,61.9,8.4,117654,3,1,1,1,0,full_screen
2026-07-25 20:02:46,1972,57.8,8.4,117689,3,1,1,1,0,full_screen
2026-07-25 20:02:51,1977,59.4,8.4,117644,3,1,1,1,0,full_screen
2026-07-25 20:02:56,1982,58.5,8.4,117679,3,1,1,1,0,full_screen
2026-07-25 20:03:01,1987,61.0,8.4,117709,3,1,1,1,0,full_screen
2026-07-25 20:03:06,1992,59.9,8.4,117676,3,1,1,1,0,full_screen
2026-07-25 20:03:11,1997,62.8,8.4,117666,3,1,1,1,0,full_screen
2026-07-25 20:03:16,2002,61.0,8.4,117669,3,1,1,1,0,full_screen
2026-07-25 20:03:21,2007,56.3,8.4,117682,3,1,1,1,0,full_screen
2026-07-25 20:03:26,2012,56.9,8.3,117849,3,1,1,1,0,full_screen
2026-07-25 20:03:26,2012,56.9,8.3,117849,3,1,1,1,0,full_screen
2026-07-25 20:03:28,2014,56.9,8.3,117849,3,1,1,1,0,full_screen
2026-07-25 20:03:31,2017,50.8,8.5,117629,3,1,1,1,0,full_screen
2026-07-25 20:03:36,2022,54.2,8.5,117591,3,1,1,1,0,full_screen
2026-07-25 20:03:41,2027,52.0,8.5,117608,3,1,1,1,0,full_screen
2026-07-25 20:03:46,2032,52.3,8.6,117508,3,1,1,1,0,full_screen
2026-07-25 20:03:51,2037,54.8,8.5,117593,3,1,1,1,0,full_screen
2026-07-25 20:03:56,2042,53.4,8.5,117574,3,1,1,1,0,full_screen
2026-07-25 20:04:01,2047,55.2,8.5,117577,3,1,1,1,0,full_screen
2026-07-25 20:04:06,2052,51.4,8.5,117565,3,1,1,1,0,full_screen
2026-07-25 20:04:09,2055,51.4,8.5,117565,3,1,1,1,0,full_screen
2026-07-25 20:04:10,2056,51.4,8.5,117565,3,1,1,1,0,full_screen
2026-07-25 20:04:11,2057,56.8,8.5,117562,3,1,1,1,0,full_screen
2026-07-25 20:04:16,2062,55.1,8.5,117523,3,1,1,1,0,full_screen
2026-07-25 20:04:21,2067,54.6,8.5,117551,3,1,1,1,0,full_screen
2026-07-25 20:04:26,2072,52.6,8.5,117532,3,1,1,1,0,full_screen
2026-07-25 20:04:31,2077,54.7,8.4,117668,3,1,1,1,0,full_screen
2026-07-25 20:04:36,2082,53.8,8.5,117604,3,1,1,1,0,full_screen
2026-07-25 20:04:41,2087,58.2,8.5,117564,3,1,1,1,0,full_screen
2026-07-25 20:04:46,2092,53.3,8.5,117599,3,1,1,1,0,full_screen
2026-07-25 20:04:51,2097,53.5,8.4,117676,3,1,1,1,0,full_screen
2026-07-25 20:04:52,2098,53.5,8.4,117676,3,1,1,1,0,full_screen
2026-07-25 20:04:53,2099,53.5,8.4,117676,3,1,1,1,0,full_screen
2026-07-25 20:04:56,2102,59.5,8.5,117601,3,1,1,1,0,full_screen
2026-07-25 20:05:01,2107,57.0,8.5,117604,3,1,1,1,0,full_screen
2026-07-25 20:05:06,2112,56.9,8.5,117604,3,1,1,1,0,full_screen
2026-07-25 20:05:11,2117,52.9,8.5,117556,3,1,1,1,0,full_screen
2026-07-25 20:05:16,2122,53.4,8.5,117564,3,1,1,1,0,full_screen
2026-07-25 20:05:21,2127,48.7,8.5,117611,3,1,1,1,0,full_screen
2026-07-25 20:05:27,2133,51.7,8.5,117556,3,1,1,1,0,full_screen
2026-07-25 20:05:32,2138,49.5,8.5,117624,3,1,1,1,0,full_screen
2026-07-25 20:05:35,2141,49.5,8.5,117624,3,1,1,1,0,full_screen
2026-07-25 20:05:36,2142,49.5,8.5,117624,3,1,1,1,0,full_screen
2026-07-25 20:05:37,2143,52.5,8.5,117614,3,1,1,1,0,full_screen
2026-07-25 20:05:42,2148,50.6,8.5,117629,3,1,1,1,0,full_screen
2026-07-25 20:05:47,2153,65.2,8.5,117581,3,1,1,1,0,full_screen
2026-07-25 20:05:52,2158,71.7,8.5,117602,3,1,1,1,0,full_screen
2026-07-25 20:05:57,2163,79.5,8.3,117821,3,1,1,1,0,full_screen
2026-07-25 20:06:02,2168,81.5,8.5,117564,3,1,1,1,0,full_screen
2026-07-25 20:06:07,2173,72.2,8.5,117586,3,1,1,1,0,full_screen
2026-07-25 20:06:12,2178,73.7,8.5,117584,3,1,1,1,0,full_screen
2026-07-25 20:06:17,2183,67.4,8.5,117609,3,1,1,1,0,full_screen
2026-07-25 20:06:18,2184,67.4,8.5,117609,3,1,1,1,0,full_screen
2026-07-25 20:06:19,2185,67.4,8.5,117609,3,1,1,1,0,full_screen
2026-07-25 20:06:22,2188,66.6,8.5,117545,3,1,1,1,0,full_screen
2026-07-25 20:06:27,2193,67.8,8.5,117607,3,1,1,1,0,full_screen
2026-07-25 20:06:32,2198,66.1,8.5,117614,3,1,1,1,0,full_screen
2026-07-25 20:06:37,2203,68.7,8.5,117627,3,1,1,1,0,full_screen
2026-07-25 20:06:40,2206,68.7,8.5,117627,3,1,1,1,0,full_screen
2026-07-25 20:06:41,2207,68.7,8.5,117627,3,1,1,1,0,full_screen
2026-07-25 20:06:42,2208,68.4,8.5,117632,3,1,1,1,0,full_screen
2026-07-25 20:06:47,2213,69.6,8.5,117579,3,1,1,1,0,full_screen
2026-07-25 20:06:52,2218,67.6,8.4,117642,3,1,1,1,0,full_screen
2026-07-25 20:06:57,2223,72.2,8.5,117605,3,1,1,1,0,full_screen
2026-07-25 20:07:00,2226,72.2,8.5,117605,3,1,1,1,0,full_screen
2026-07-25 20:07:02,2228,72.2,8.5,117605,3,1,1,1,0,full_screen
2026-07-25 20:07:02,2228,64.7,8.4,117674,3,1,1,1,0,full_screen
2026-07-25 20:07:07,2233,68.4,8.5,117595,3,1,1,1,0,full_screen
2026-07-25 20:07:12,2238,71.7,8.5,117584,3,1,1,1,0,full_screen
2026-07-25 20:07:17,2243,71.3,8.5,117582,3,1,1,1,0,full_screen
2026-07-25 20:07:22,2248,71.9,8.4,117704,3,1,1,1,0,full_screen
2026-07-25 20:07:22,2248,71.9,8.4,117704,3,1,1,1,0,full_screen
2026-07-25 20:07:23,2249,71.9,8.4,117704,3,1,1,1,0,full_screen
2026-07-25 20:07:27,2253,64.7,8.5,117545,3,1,1,1,0,full_screen
2026-07-25 20:07:32,2258,61.3,8.5,117528,3,1,1,1,0,full_screen
2026-07-25 20:07:37,2263,60.6,8.5,117560,3,1,1,1,0,full_screen
2026-07-25 20:07:42,2268,66.2,8.5,117527,3,1,1,1,0,full_screen
2026-07-25 20:07:43,2269,66.2,8.5,117527,3,1,1,1,0,full_screen
2026-07-25 20:07:44,2270,66.2,8.5,117527,3,1,1,1,0,full_screen
2026-07-25 20:07:47,2273,62.3,8.5,117530,3,1,1,1,0,full_screen
2026-07-25 20:07:52,2278,62.3,8.5,117520,3,1,1,1,0,full_screen
2026-07-25 20:07:57,2283,64.0,8.6,117488,3,1,1,1,0,full_screen
2026-07-25 20:08:02,2288,66.2,8.7,117378,3,1,1,1,0,full_screen
2026-07-25 20:08:05,2291,66.2,8.7,117378,3,1,1,1,0,full_screen
2026-07-25 20:08:06,2292,66.2,8.7,117378,3,1,1,1,0,full_screen
2026-07-25 20:08:07,2293,63.2,8.6,117494,3,1,1,1,0,full_screen
2026-07-25 20:08:12,2298,62.8,8.6,117512,3,1,1,1,0,full_screen
2026-07-25 20:08:17,2303,60.0,8.5,117524,3,1,1,1,0,full_screen
2026-07-25 20:08:22,2308,57.9,8.5,117524,3,1,1,1,0,full_screen
2026-07-25 20:08:26,2312,57.9,8.5,117524,3,1,1,1,0,full_screen
2026-07-25 20:08:27,2313,57.6,8.5,117634,3,1,1,1,0,full_screen
2026-07-25 20:08:27,2313,57.6,8.5,117634,3,1,1,1,0,full_screen
2026-07-25 20:08:32,2318,59.3,8.6,117488,3,1,1,1,0,full_screen
2026-07-25 20:08:37,2323,63.2,8.6,117501,3,1,1,1,0,full_screen
2026-07-25 20:08:42,2328,61.9,8.5,117515,3,1,1,1,0,full_screen
2026-07-25 20:08:47,2333,67.5,8.6,117468,3,1,1,1,0,full_screen
2026-07-25 20:08:48,2334,67.5,8.6,117468,3,1,1,1,0,full_screen
2026-07-25 20:08:49,2335,67.5,8.6,117468,3,1,1,1,0,full_screen
2026-07-25 20:08:52,2338,64.1,8.6,117477,3,1,1,1,0,full_screen
2026-07-25 20:08:57,2343,63.7,8.6,117416,3,1,1,1,0,full_screen
2026-07-25 20:09:02,2348,58.4,8.5,117529,3,1,1,1,0,full_screen
2026-07-25 20:09:07,2353,58.4,8.6,117504,3,1,1,1,0,full_screen
2026-07-25 20:09:12,2358,64.0,8.6,117495,3,1,1,1,0,full_screen
2026-07-25 20:09:17,2363,57.9,8.6,117495,3,1,1,1,0,full_screen
2026-07-25 20:09:22,2368,57.6,8.5,117546,3,1,1,1,0,full_screen
2026-07-25 20:09:27,2373,64.0,8.4,117691,3,1,1,1,0,full_screen
2026-07-25 20:09:31,2377,64.0,8.4,117691,3,1,1,1,0,full_screen
2026-07-25 20:09:32,2378,81.7,8.4,117665,3,1,1,1,0,full_screen
2026-07-25 20:09:32,2378,81.7,8.4,117665,3,1,1,1,0,full_screen
2026-07-25 20:09:37,2383,82.8,8.4,117662,3,1,1,1,0,full_screen
2026-07-25 20:09:42,2388,88.0,8.5,117624,3,1,1,1,0,full_screen
2026-07-25 20:09:47,2393,81.9,8.5,117639,3,1,1,1,0,full_screen
2026-07-25 20:09:52,2398,75.4,8.4,117747,3,1,1,1,0,full_screen
2026-07-25 20:09:57,2403,82.4,8.5,117625,3,1,1,1,0,full_screen
2026-07-25 20:10:02,2408,72.5,8.4,117691,3,1,1,1,0,full_screen
2026-07-25 20:10:07,2413,75.6,8.4,117656,3,1,1,1,0,full_screen
2026-07-25 20:10:12,2418,78.6,8.5,117611,3,1,1,1,0,full_screen
2026-07-25 20:10:14,2420,78.6,8.5,117611,3,1,1,1,0,full_screen
2026-07-25 20:10:15,2421,78.6,8.5,117611,3,1,1,1,0,full_screen
2026-07-25 20:10:17,2423,82.9,8.5,117576,3,1,1,1,0,full_screen
2026-07-25 20:10:22,2428,73.6,8.5,117596,3,1,1,1,0,full_screen
2026-07-25 20:10:27,2433,67.2,8.5,117587,3,1,1,1,0,full_screen
2026-07-25 20:10:32,2438,65.5,8.5,117557,3,1,1,1,0,full_screen
2026-07-25 20:10:37,2443,62.5,8.5,117552,3,1,1,1,0,full_screen
2026-07-25 20:10:42,2448,63.5,8.5,117540,3,1,1,1,0,full_screen
2026-07-25 20:10:47,2453,61.0,8.5,117563,3,1,1,1,0,full_screen
2026-07-25 20:10:52,2458,62.2,8.5,117587,3,1,1,1,0,full_screen
2026-07-25 20:10:56,2462,62.2,8.5,117587,3,1,1,1,0,full_screen
2026-07-25 20:10:57,2463,57.7,8.4,117661,3,1,1,1,0,full_screen
2026-07-25 20:10:57,2463,57.7,8.4,117661,3,1,1,1,0,full_screen
2026-07-25 20:11:02,2468,59.2,8.5,117529,3,1,1,1,0,full_screen
2026-07-25 20:11:07,2473,58.8,8.6,117487,3,1,1,1,0,full_screen
2026-07-25 20:11:12,2478,60.0,8.6,117399,3,1,1,1,0,full_screen
2026-07-25 20:11:17,2483,60.6,8.6,117453,3,1,1,1,0,full_screen
2026-07-25 20:11:22,2488,78.6,8.5,117630,3,1,1,1,0,full_screen
2026-07-25 20:11:27,2493,80.5,8.5,117625,3,1,1,1,0,full_screen
2026-07-25 20:11:32,2498,85.8,8.5,117632,3,1,1,1,0,full_screen
2026-07-25 20:11:37,2503,85.6,8.5,117619,3,1,1,1,0,full_screen
2026-07-25 20:11:39,2505,85.6,8.5,117619,3,1,1,1,0,full_screen
2026-07-25 20:11:40,2506,85.6,8.5,117619,3,1,1,1,0,full_screen
2026-07-25 20:11:42,2508,79.8,8.5,117625,3,1,1,1,0,full_screen
2026-07-25 20:11:47,2513,80.4,8.6,117510,3,1,1,1,0,full_screen
2026-07-25 20:11:52,2518,81.9,8.5,117619,3,1,1,1,0,full_screen
2026-07-25 20:11:57,2523,68.0,8.5,117599,3,1,1,1,0,full_screen
2026-07-25 20:12:02,2528,71.1,8.5,117626,3,1,1,1,0,full_screen
2026-07-25 20:12:07,2533,72.3,8.4,117642,3,1,1,1,0,full_screen
2026-07-25 20:12:12,2538,69.3,8.5,117533,3,1,1,1,0,full_screen
2026-07-25 20:12:17,2543,66.1,8.6,117475,3,1,1,1,0,full_screen
2026-07-25 20:12:22,2548,68.1,8.4,117683,3,1,1,1,0,full_screen
2026-07-25 20:12:22,2548,68.1,8.4,117683,3,1,1,1,0,full_screen
2026-07-25 20:12:23,2549,68.1,8.4,117683,3,1,1,1,0,full_screen
2026-07-25 20:12:27,2553,66.3,8.6,117501,3,1,1,1,0,full_screen
2026-07-25 20:12:32,2558,73.6,8.6,117510,3,1,1,1,0,full_screen
2026-07-25 20:12:37,2563,70.5,8.6,117489,3,1,1,1,0,full_screen
2026-07-25 20:12:42,2568,64.7,8.6,117461,3,1,1,1,0,full_screen
2026-07-25 20:12:47,2573,75.0,8.6,117498,3,1,1,1,0,full_screen
2026-07-25 20:12:52,2578,73.7,8.6,117488,3,1,1,1,0,full_screen
2026-07-25 20:12:57,2583,75.1,8.6,117501,3,1,1,1,0,full_screen
2026-07-25 20:13:02,2588,72.9,8.6,117483,3,1,1,1,0,full_screen
2026-07-25 20:13:05,2591,72.9,8.6,117483,3,1,1,1,0,full_screen
2026-07-25 20:13:06,2592,72.9,8.6,117483,3,1,1,1,0,full_screen
2026-07-25 20:13:07,2593,65.0,8.6,117474,3,1,1,1,0,full_screen
2026-07-25 20:13:12,2598,60.2,8.6,117482,3,1,1,1,0,full_screen
2026-07-25 20:13:17,2603,62.6,8.6,117493,3,1,1,1,0,full_screen
2026-07-25 20:13:22,2608,59.0,8.6,117457,3,1,1,1,0,full_screen
2026-07-25 20:13:27,2613,57.4,8.5,117515,3,1,1,1,0,full_screen
2026-07-25 20:13:32,2618,57.2,8.6,117497,3,1,1,1,0,full_screen
2026-07-25 20:13:37,2623,61.4,8.6,117465,3,1,1,1,0,full_screen
2026-07-25 20:13:42,2628,62.2,8.5,117516,3,1,1,1,0,full_screen
2026-07-25 20:13:47,2633,61.3,8.5,117619,3,1,1,1,0,full_screen
2026-07-25 20:13:48,2634,61.3,8.5,117619,3,1,1,1,0,full_screen
2026-07-25 20:13:49,2635,61.3,8.5,117619,3,1,1,1,0,full_screen
2026-07-25 20:13:52,2638,59.9,8.6,117478,3,1,1,1,0,full_screen
2026-07-25 20:13:57,2643,55.7,8.6,117466,3,1,1,1,0,full_screen
2026-07-25 20:14:02,2648,57.0,8.6,117474,3,1,1,1,0,full_screen
2026-07-25 20:14:07,2653,58.4,8.6,117431,3,1,1,1,0,full_screen
2026-07-25 20:14:12,2658,63.1,8.6,117433,3,1,1,1,0,full_screen
2026-07-25 20:14:17,2663,58.0,8.6,117437,3,1,1,1,0,full_screen
2026-07-25 20:14:22,2668,61.2,8.7,117361,3,1,1,1,0,full_screen
2026-07-25 20:14:27,2673,65.2,8.6,117451,3,1,1,1,0,full_screen
2026-07-25 20:14:30,2676,65.2,8.6,117451,3,1,1,1,0,full_screen
2026-07-25 20:14:31,2677,65.2,8.6,117451,3,1,1,1,0,full_screen
2026-07-25 20:14:32,2678,56.8,8.6,117443,3,1,1,1,0,full_screen
2026-07-25 20:14:37,2683,58.6,8.6,117468,3,1,1,1,0,full_screen
2026-07-25 20:14:42,2688,58.5,8.6,117474,3,1,1,1,0,full_screen
2026-07-25 20:14:47,2693,67.9,8.6,117451,3,1,1,1,0,full_screen
2026-07-25 20:14:52,2698,59.2,8.4,117656,3,1,1,1,0,full_screen
2026-07-25 20:14:52,2698,59.2,8.4,117656,3,1,1,1,0,full_screen
2026-07-25 20:14:53,2699,59.2,8.4,117656,3,1,1,1,0,full_screen
2026-07-25 20:14:57,2703,58.5,8.6,117469,3,1,1,1,0,full_screen
2026-07-25 20:15:02,2708,56.3,8.6,117460,3,1,1,1,0,full_screen
2026-07-25 20:15:07,2713,57.7,8.6,117397,3,1,1,1,0,full_screen
2026-07-25 20:15:10,2716,57.7,8.6,117397,4,1,1,1,1,full_screen
2026-07-25 20:15:12,2718,68.2,9.2,116728,4,1,1,1,1,full_screen
2026-07-25 20:15:13,2719,68.2,9.2,116728,4,1,1,1,1,full_screen
2026-07-25 20:15:14,2720,68.2,9.2,116728,4,1,1,1,1,full_screen
2026-07-25 20:15:17,2723,68.7,9.2,116698,4,1,1,1,1,full_screen
2026-07-25 20:15:18,2724,68.7,9.2,116698,4,1,1,1,1,full_screen
2026-07-25 20:15:22,2728,76.7,9.2,116631,4,1,1,1,1,full_screen
2026-07-25 20:15:27,2733,75.5,9.3,116598,4,1,1,1,1,full_screen
2026-07-25 20:15:32,2738,81.9,9.2,116663,4,1,1,1,1,full_screen
2026-07-25 20:15:35,2741,81.9,9.2,116663,4,1,1,1,1,full_screen
2026-07-25 20:15:36,2742,81.9,9.2,116663,4,1,1,1,1,full_screen
2026-07-25 20:15:37,2743,77.9,9.2,116635,4,1,1,1,1,full_screen
2026-07-25 20:15:42,2748,81.4,9.2,116642,4,1,1,1,1,full_screen
2026-07-25 20:15:47,2753,78.8,9.2,116630,4,1,1,1,1,full_screen
2026-07-25 20:15:52,2758,77.2,9.3,116550,4,1,1,1,1,full_screen
2026-07-25 20:15:57,2763,75.3,9.2,116676,4,1,1,1,1,full_screen
2026-07-25 20:16:02,2768,74.4,9.3,116593,4,1,1,1,1,full_screen
2026-07-25 20:16:07,2773,86.5,9.3,116563,4,1,1,1,1,full_screen
2026-07-25 20:16:12,2778,75.3,9.3,116556,4,1,1,1,1,full_screen
2026-07-25 20:16:17,2783,73.7,9.3,116605,4,1,1,1,1,full_screen
2026-07-25 20:16:18,2784,73.7,9.3,116605,4,1,1,1,1,full_screen
2026-07-25 20:16:19,2785,73.7,9.3,116605,4,1,1,1,1,full_screen
2026-07-25 20:16:22,2788,73.1,9.4,116458,4,1,1,1,1,full_screen
2026-07-25 20:16:27,2793,68.9,9.3,116501,4,1,1,1,1,full_screen
2026-07-25 20:16:32,2798,65.8,9.3,116578,4,1,1,1,1,full_screen
2026-07-25 20:16:37,2803,64.6,9.3,116525,4,1,1,1,1,full_screen
2026-07-25 20:16:40,2806,64.6,9.3,116525,4,1,1,1,1,full_screen
2026-07-25 20:16:41,2807,64.6,9.3,116525,4,1,1,1,1,full_screen
2026-07-25 20:16:42,2808,70.9,9.3,116515,4,1,1,1,1,full_screen
2026-07-25 20:16:47,2813,69.5,9.3,116499,4,1,1,1,1,full_screen
2026-07-25 20:16:52,2818,75.1,9.3,116584,4,1,1,1,1,full_screen
2026-07-25 20:16:57,2823,92.0,9.3,116563,4,1,1,1,1,full_screen
2026-07-25 20:17:00,2826,92.0,9.3,116563,4,1,1,1,1,full_screen
2026-07-25 20:17:02,2828,92.0,9.3,116563,4,1,1,1,1,full_screen
2026-07-25 20:17:02,2828,93.4,9.3,116567,4,1,1,1,1,full_screen
2026-07-25 20:17:07,2833,89.9,9.2,116630,4,1,1,1,1,full_screen
2026-07-25 20:17:12,2838,91.2,9.2,116718,4,1,1,1,1,full_screen
2026-07-25 20:17:17,2843,87.6,9.2,116635,4,1,1,1,1,full_screen
2026-07-25 20:17:22,2848,83.0,9.1,116781,4,1,1,1,1,full_screen
2026-07-25 20:17:22,2848,83.0,9.1,116781,4,1,1,1,1,full_screen
2026-07-25 20:17:23,2849,83.0,9.1,116781,4,1,1,1,1,full_screen
2026-07-25 20:17:27,2853,90.2,9.3,116586,4,1,1,1,1,full_screen
2026-07-25 20:17:32,2858,95.1,9.1,116835,4,1,1,1,1,full_screen
2026-07-25 20:17:37,2863,95.4,9.2,116720,4,1,1,1,1,full_screen
2026-07-25 20:17:42,2868,96.2,9.1,116818,4,1,1,1,1,full_screen
2026-07-25 20:17:43,2869,96.2,9.1,116818,4,1,1,1,1,full_screen
2026-07-25 20:17:44,2870,96.2,9.1,116818,4,1,1,1,1,full_screen
2026-07-25 20:17:47,2873,96.4,9.1,116850,4,1,1,1,1,full_screen
2026-07-25 20:17:52,2878,96.3,9.1,116824,4,1,1,1,1,full_screen
2026-07-25 20:17:57,2883,95.0,9.1,116800,4,1,1,1,1,full_screen
2026-07-25 20:18:02,2888,94.5,9.1,116795,4,1,1,1,1,full_screen
2026-07-25 20:18:05,2891,94.5,9.1,116795,4,1,1,1,1,full_screen
2026-07-25 20:18:06,2892,94.5,9.1,116795,4,1,1,1,1,full_screen
2026-07-25 20:18:07,2893,90.1,9.1,116778,4,1,1,1,1,full_screen
2026-07-25 20:18:12,2898,93.6,9.2,116691,4,1,1,1,1,full_screen
2026-07-25 20:18:17,2903,95.8,9.0,116879,4,1,1,1,1,full_screen
2026-07-25 20:18:22,2908,96.7,9.0,116881,4,1,1,1,1,full_screen
2026-07-25 20:18:26,2912,96.7,9.0,116881,4,1,1,1,1,full_screen
2026-07-25 20:18:27,2913,96.7,9.0,116881,4,1,1,1,1,full_screen
2026-07-25 20:18:27,2913,96.8,9.0,116926,4,1,1,1,1,full_screen
2026-07-25 20:18:32,2918,97.7,9.0,116876,4,1,1,1,1,full_screen
2026-07-25 20:18:37,2923,97.3,9.1,116816,4,1,1,1,1,full_screen
2026-07-25 20:18:42,2928,97.6,9.0,116882,4,1,1,1,1,full_screen
2026-07-25 20:18:48,2934,97.7,8.9,117018,4,1,1,1,1,full_screen
2026-07-25 20:18:48,2934,97.7,8.9,117018,4,1,1,1,1,full_screen
2026-07-25 20:18:49,2935,97.7,8.9,117018,4,1,1,1,1,full_screen
2026-07-25 20:18:53,2939,97.1,9.1,116869,4,1,1,1,1,full_screen
2026-07-25 20:18:58,2944,97.1,9.1,116857,4,1,1,1,1,full_screen
2026-07-25 20:19:03,2949,96.5,9.1,116798,4,1,1,1,1,full_screen
2026-07-25 20:19:08,2954,97.3,9.1,116840,4,1,1,1,1,full_screen
2026-07-25 20:19:13,2959,97.2,9.1,116832,4,1,1,1,1,full_screen
2026-07-25 20:19:18,2964,96.5,9.1,116815,4,1,1,1,1,full_screen
2026-07-25 20:19:23,2969,96.8,9.1,116802,4,1,1,1,1,full_screen
2026-07-25 20:19:28,2974,96.8,9.1,116757,4,1,1,1,1,full_screen
2026-07-25 20:19:31,2977,96.8,9.1,116757,4,1,1,1,1,full_screen
2026-07-25 20:19:32,2978,96.8,9.1,116757,4,1,1,1,1,full_screen
2026-07-25 20:19:33,2979,96.9,9.1,116820,4,1,1,1,1,full_screen
2026-07-25 20:19:38,2984,97.1,9.1,116748,4,1,1,1,1,full_screen
2026-07-25 20:19:43,2989,96.6,9.1,116789,4,1,1,1,1,full_screen
2026-07-25 20:19:48,2994,95.8,9.1,116763,4,1,1,1,1,full_screen
2026-07-25 20:19:53,2999,96.1,8.9,117031,4,1,1,1,1,full_screen
2026-07-25 20:19:58,3004,92.9,9.2,116710,4,1,1,1,1,full_screen
2026-07-25 20:20:03,3009,91.1,9.2,116646,4,1,1,1,1,full_screen
2026-07-25 20:20:08,3014,89.7,9.2,116705,4,1,1,1,1,full_screen
2026-07-25 20:20:13,3019,90.4,9.2,116670,4,1,1,1,1,full_screen
2026-07-25 20:20:14,3020,90.4,9.2,116670,4,1,1,1,1,full_screen
2026-07-25 20:20:15,3021,90.4,9.2,116670,4,1,1,1,1,full_screen
2026-07-25 20:20:18,3024,91.3,9.2,116643,4,1,1,1,1,full_screen
2026-07-25 20:20:23,3029,93.6,9.2,116621,4,1,1,1,1,full_screen
2026-07-25 20:20:28,3034,93.3,9.2,116646,4,1,1,1,1,full_screen
2026-07-25 20:20:33,3039,92.7,9.2,116626,4,1,1,1,1,full_screen
2026-07-25 20:20:38,3044,93.5,9.2,116671,4,1,1,1,1,full_screen
2026-07-25 20:20:43,3049,93.0,9.2,116657,4,1,1,1,1,full_screen
2026-07-25 20:20:48,3054,92.6,9.2,116618,4,1,1,1,1,full_screen
2026-07-25 20:20:53,3059,89.2,9.3,116604,4,1,1,1,1,full_screen
2026-07-25 20:20:57,3063,89.2,9.3,116604,4,1,1,1,1,full_screen
2026-07-25 20:20:58,3064,86.8,9.2,116680,4,1,1,1,1,full_screen
2026-07-25 20:20:58,3064,86.8,9.2,116680,4,1,1,1,1,full_screen
2026-07-25 20:21:03,3069,89.8,9.3,116590,4,1,1,1,1,full_screen
2026-07-25 20:21:08,3074,91.2,9.2,116649,4,1,1,1,1,full_screen
2026-07-25 20:21:13,3079,91.1,9.3,116603,4,1,1,1,1,full_screen
2026-07-25 20:21:18,3084,94.3,9.2,116714,4,1,1,1,1,full_screen
2026-07-25 20:21:23,3089,92.0,9.2,116644,4,1,1,1,1,full_screen
2026-07-25 20:21:28,3094,86.1,9.3,116597,4,1,1,1,1,full_screen
2026-07-25 20:21:33,3099,88.6,9.3,116595,4,1,1,1,1,full_screen
2026-07-25 20:21:38,3104,91.4,9.2,116669,4,1,1,1,1,full_screen
2026-07-25 20:21:40,3106,91.4,9.2,116669,4,1,1,1,1,full_screen
2026-07-25 20:21:41,3107,91.4,9.2,116669,4,1,1,1,1,full_screen
2026-07-25 20:21:43,3109,90.3,9.2,116668,4,1,1,1,1,full_screen
2026-07-25 20:21:48,3114,86.9,9.2,116640,4,1,1,1,1,full_screen
2026-07-25 20:21:53,3119,86.6,9.2,116627,4,1,1,1,1,full_screen
2026-07-25 20:21:58,3124,85.2,9.3,116590,4,1,1,1,1,full_screen
2026-07-25 20:22:03,3129,88.4,9.2,116634,4,1,1,1,1,full_screen
2026-07-25 20:22:08,3134,90.0,9.3,116604,4,1,1,1,1,full_screen
2026-07-25 20:22:13,3139,91.0,9.3,116568,4,1,1,1,1,full_screen
2026-07-25 20:22:18,3144,91.0,9.3,116563,4,1,1,1,1,full_screen
2026-07-25 20:22:23,3149,91.0,9.3,116563,4,1,1,1,1,full_screen
2026-07-25 20:22:23,3149,84.6,9.0,116871,4,1,1,1,1,full_screen
2026-07-25 20:22:24,3150,84.6,9.0,116871,4,1,1,1,1,full_screen
2026-07-25 20:22:28,3154,85.6,9.2,116678,4,1,1,1,1,full_screen
2026-07-25 20:22:33,3159,83.1,9.2,116624,4,1,1,1,1,full_screen
2026-07-25 20:22:38,3164,82.0,9.3,116596,4,1,1,1,1,full_screen
2026-07-25 20:22:43,3169,83.2,9.3,116601,4,1,1,1,1,full_screen
2026-07-25 20:22:48,3174,86.8,9.3,116505,4,1,1,1,1,full_screen
2026-07-25 20:22:53,3179,88.0,9.3,116585,4,1,1,1,1,full_screen
2026-07-25 20:22:58,3184,86.8,9.2,116646,4,1,1,1,1,full_screen
2026-07-25 20:23:03,3189,91.2,9.3,116557,4,1,1,1,1,full_screen
2026-07-25 20:23:05,3191,91.2,9.3,116557,4,1,1,1,1,full_screen
2026-07-25 20:23:06,3192,91.2,9.3,116557,4,1,1,1,1,full_screen
2026-07-25 20:23:08,3194,91.5,9.2,116655,4,1,1,1,1,full_screen
2026-07-25 20:23:13,3199,91.4,9.3,116600,4,1,1,1,1,full_screen
2026-07-25 20:23:18,3204,91.0,9.2,116684,4,1,1,1,1,full_screen
2026-07-25 20:23:23,3209,89.4,9.3,116597,4,1,1,1,1,full_screen
2026-07-25 20:23:28,3214,91.5,9.2,116694,4,1,1,1,1,full_screen
2026-07-25 20:23:33,3219,90.6,9.3,116602,4,1,1,1,1,full_screen
2026-07-25 20:23:38,3224,91.3,9.2,116664,4,1,1,1,1,full_screen
2026-07-25 20:23:43,3229,86.8,9.3,116605,4,1,1,1,1,full_screen
2026-07-25 20:23:48,3234,87.1,9.1,116791,4,1,1,1,1,full_screen
2026-07-25 20:23:48,3234,87.1,9.1,116791,4,1,1,1,1,full_screen
2026-07-25 20:23:49,3235,87.1,9.1,116791,4,1,1,1,1,full_screen
2026-07-25 20:23:53,3239,86.1,9.3,116591,4,1,1,1,1,full_screen
2026-07-25 20:23:58,3244,81.0,9.3,116562,4,1,1,1,1,full_screen
2026-07-25 20:24:03,3249,89.9,9.2,116624,4,1,1,1,1,full_screen
2026-07-25 20:24:08,3254,90.1,9.2,116644,4,1,1,1,1,full_screen
2026-07-25 20:24:13,3259,94.2,9.2,116683,4,1,1,1,1,full_screen
2026-07-25 20:24:18,3264,94.7,9.2,116667,4,1,1,1,1,full_screen
2026-07-25 20:24:23,3269,96.1,9.3,116574,4,1,1,1,1,full_screen
2026-07-25 20:24:28,3274,95.8,9.2,116646,4,1,1,1,1,full_screen
2026-07-25 20:24:31,3277,95.8,9.2,116646,4,1,1,1,1,full_screen
2026-07-25 20:24:32,3278,95.8,9.2,116646,4,1,1,1,1,full_screen
2026-07-25 20:24:33,3279,95.1,9.2,116692,4,1,1,1,1,full_screen
2026-07-25 20:24:38,3284,95.8,9.2,116684,4,1,1,1,1,full_screen
2026-07-25 20:24:43,3289,96.5,9.2,116717,4,1,1,1,1,full_screen
2026-07-25 20:24:48,3294,96.1,9.2,116689,4,1,1,1,1,full_screen
2026-07-25 20:24:53,3299,95.0,9.1,116854,4,1,1,1,1,full_screen
2026-07-25 20:24:53,3299,95.0,9.1,116854,4,1,1,1,1,full_screen
2026-07-25 20:24:54,3300,95.0,9.1,116854,4,1,1,1,1,full_screen
2026-07-25 20:24:58,3304,95.4,9.2,116675,4,1,1,1,1,full_screen
2026-07-25 20:25:03,3309,96.3,9.2,116733,4,1,1,1,1,full_screen
2026-07-25 20:25:08,3314,96.8,9.1,116753,4,1,1,1,1,full_screen
2026-07-25 20:25:13,3319,94.8,9.2,116727,4,1,1,1,1,full_screen
2026-07-25 20:25:14,3320,94.8,9.2,116727,4,1,1,1,1,full_screen
2026-07-25 20:25:15,3321,94.8,9.2,116727,4,1,1,1,1,full_screen
2026-07-25 20:25:18,3324,93.0,9.2,116679,4,1,1,1,1,full_screen
2026-07-25 20:25:23,3329,94.2,9.3,116592,4,1,1,1,1,full_screen
2026-07-25 20:25:28,3334,95.2,9.2,116691,4,1,1,1,1,full_screen
2026-07-25 20:25:33,3339,94.6,9.2,116683,4,1,1,1,1,full_screen
2026-07-25 20:25:36,3342,94.6,9.2,116683,4,1,1,1,1,full_screen
2026-07-25 20:25:37,3343,94.6,9.2,116683,4,1,1,1,1,full_screen
2026-07-25 20:25:38,3344,92.2,9.2,116652,4,1,1,1,1,full_screen
2026-07-25 20:25:43,3349,88.7,9.2,116668,4,1,1,1,1,full_screen
2026-07-25 20:25:48,3354,87.6,9.2,116642,4,1,1,1,1,full_screen
2026-07-25 20:25:53,3359,82.7,9.2,116639,4,1,1,1,1,full_screen
2026-07-25 20:25:57,3363,82.7,9.2,116639,4,1,1,1,1,full_screen
2026-07-25 20:25:58,3364,82.7,9.2,116639,4,1,1,1,1,full_screen
2026-07-25 20:25:58,3364,87.5,9.2,116690,4,1,1,1,1,full_screen
2026-07-25 20:26:03,3369,90.6,9.2,116690,4,1,1,1,1,full_screen
2026-07-25 20:26:08,3374,90.0,9.1,116795,4,1,1,1,1,full_screen
2026-07-25 20:26:13,3379,94.7,9.1,116755,4,1,1,1,1,full_screen
2026-07-25 20:26:18,3384,94.0,9.0,116872,4,1,1,1,1,full_screen
2026-07-25 20:26:19,3385,94.0,9.0,116872,4,1,1,1,1,full_screen
2026-07-25 20:26:20,3386,94.0,9.0,116872,4,1,1,1,1,full_screen
2026-07-25 20:26:23,3389,94.4,9.2,116646,4,1,1,1,1,full_screen
2026-07-25 20:26:28,3394,96.3,9.2,116735,4,1,1,1,1,full_screen
2026-07-25 20:26:33,3399,96.5,9.2,116741,4,1,1,1,1,full_screen
2026-07-25 20:26:38,3404,95.7,9.2,116742,4,1,1,1,1,full_screen
2026-07-25 20:26:40,3406,95.7,9.2,116742,4,1,1,1,1,full_screen
2026-07-25 20:26:41,3407,95.7,9.2,116742,4,1,1,1,1,full_screen
2026-07-25 20:26:43,3409,94.5,9.1,116744,4,1,1,1,1,full_screen
2026-07-25 20:26:48,3414,94.2,9.2,116709,4,1,1,1,1,full_screen
2026-07-25 20:26:53,3419,95.4,9.2,116739,4,1,1,1,1,full_screen
2026-07-25 20:26:58,3424,87.5,9.2,116675,4,1,1,1,1,full_screen
2026-07-25 20:27:02,3428,87.5,9.2,116675,4,1,1,1,1,full_screen
2026-07-25 20:27:03,3429,87.5,9.2,116675,4,1,1,1,1,full_screen
2026-07-25 20:27:03,3429,89.5,9.1,116814,4,1,1,1,1,full_screen
2026-07-25 20:27:08,3434,89.1,9.1,116746,4,1,1,1,1,full_screen
2026-07-25 20:27:13,3439,92.8,9.2,116702,4,1,1,1,1,full_screen
2026-07-25 20:27:18,3444,89.8,9.2,116688,4,1,1,1,1,full_screen
2026-07-25 20:27:23,3449,89.4,9.2,116742,4,1,1,1,1,full_screen
2026-07-25 20:27:28,3454,80.0,9.3,116575,4,1,1,1,1,full_screen
2026-07-25 20:27:33,3459,83.1,9.3,116572,4,1,1,1,1,full_screen
2026-07-25 20:27:38,3464,87.1,9.3,116582,4,1,1,1,1,full_screen
2026-07-25 20:27:43,3469,82.3,9.3,116541,4,1,1,1,1,full_screen
2026-07-25 20:27:45,3471,82.3,9.3,116541,4,1,1,1,1,full_screen
2026-07-25 20:27:46,3472,82.3,9.3,116541,4,1,1,1,1,full_screen
2026-07-25 20:27:48,3474,84.6,9.3,116566,4,1,1,1,1,full_screen
2026-07-25 20:27:53,3479,84.8,9.3,116560,4,1,1,1,1,full_screen
2026-07-25 20:27:58,3484,85.8,9.3,116502,4,1,1,1,1,full_screen
2026-07-25 20:28:03,3489,84.4,9.3,116550,4,1,1,1,1,full_screen
2026-07-25 20:28:08,3494,82.1,9.3,116586,4,1,1,1,1,full_screen
2026-07-25 20:28:13,3499,84.2,9.3,116522,4,1,1,1,1,full_screen
2026-07-25 20:28:18,3504,82.2,9.3,116604,4,1,1,1,1,full_screen
2026-07-25 20:28:23,3509,82.0,9.3,116518,4,1,1,1,1,full_screen
2026-07-25 20:28:27,3513,82.0,9.3,116518,4,1,1,1,1,full_screen
2026-07-25 20:28:28,3514,80.7,9.3,116610,4,1,1,1,1,full_screen
2026-07-25 20:28:29,3515,80.7,9.3,116610,4,1,1,1,1,full_screen
2026-07-25 20:28:33,3519,81.4,9.3,116489,4,1,1,1,1,full_screen
2026-07-25 20:28:38,3524,87.1,9.3,116566,4,1,1,1,1,full_screen
2026-07-25 20:28:43,3529,87.6,9.2,116671,4,1,1,1,1,full_screen
2026-07-25 20:28:48,3534,86.2,9.2,116724,4,1,1,1,1,full_screen
2026-07-25 20:28:53,3539,86.7,9.3,116559,4,1,1,1,1,full_screen
2026-07-25 20:28:58,3544,86.9,9.3,116549,4,1,1,1,1,full_screen
2026-07-25 20:29:03,3549,88.8,9.3,116506,4,1,1,1,1,full_screen
2026-07-25 20:29:08,3554,86.3,9.4,116475,4,1,1,1,1,full_screen
2026-07-25 20:29:10,3556,86.3,9.4,116475,4,1,1,1,1,full_screen
2026-07-25 20:29:11,3557,86.3,9.4,116475,4,1,1,1,1,full_screen
2026-07-25 20:29:13,3559,87.7,9.3,116525,4,1,1,1,1,full_screen
2026-07-25 20:29:18,3564,77.9,9.3,116498,4,1,1,1,1,full_screen
2026-07-25 20:29:23,3569,83.4,9.3,116499,4,1,1,1,1,full_screen
2026-07-25 20:29:28,3574,84.2,9.3,116564,4,1,1,1,1,full_screen
2026-07-25 20:29:33,3579,81.9,9.3,116581,4,1,1,1,1,full_screen
2026-07-25 20:29:38,3584,87.0,9.3,116596,4,1,1,1,1,full_screen
2026-07-25 20:29:43,3589,85.3,9.3,116553,4,1,1,1,1,full_screen
2026-07-25 20:29:48,3594,84.3,9.3,116598,4,1,1,1,1,full_screen
2026-07-25 20:29:53,3599,84.3,9.3,116598,4,1,1,1,1,full_screen
2026-07-25 20:29:53,3599,82.7,9.1,116785,4,1,1,1,1,full_screen
2026-07-25 20:29:54,3600,82.7,9.1,116785,4,1,1,1,1,full_screen
2026-07-25 20:29:58,3604,90.0,9.3,116568,4,1,1,1,1,full_screen
2026-07-25 20:30:03,3609,90.7,9.3,116539,4,1,1,1,1,full_screen
2026-07-25 20:30:08,3614,91.2,9.3,116550,4,1,1,1,1,full_screen
2026-07-25 20:30:13,3619,92.6,9.3,116524,4,1,1,1,1,full_screen
2026-07-25 20:30:18,3624,91.5,9.3,116498,4,1,1,1,1,full_screen
